icd10Code,icd11Code
A00,1A00
A00.0,1A00&XN8P1
A00.1,1A00&XN62R
A00.9,1A00
A01,1A0Z&XN0QE
A01.0,1A07.Z
A01.1,1A08&XN1K5
A01.2,1A08&XN322
A01.3,1A08&XN5TR
A01.4,1A08
A02,1A09.Z
A02.0,1A09.0
A02.1,1A09.Z
A02.2,1A09.Z
A02.8,1A09.Z
A02.9,1C41
A03,1A02
A03.0,1A02&XN285
A03.1,1A02&XN7Y2
A03.2,1A02&XN8RN
A03.3,1A02&XN9M9
A03.8,1C41
A03.9,1A02
A04,1A0Z
A04.0,1A03.0
A04.1,1A03.1
A04.2,1A03.2
A04.3,1A03.3
A04.4,1A03.Z
A04.5,1A06
A04.6,1A05
A04.7,1A04
A04.8,1A0Z
A04.9,1A0Z
A05,1A1Z
A05.0,1A10
A05.1,1A11.Z
A05.2,1A12
A05.3,1A1Z
A05.4,1A13
A05.8,1A1Z
A05.9,1A1Z
A06,1A36.Z
A06.0,1A36.00
A06.1,1A36.0Y
A06.2,1A36.0Y
A06.3,1A36.01
A06.4,1A36.10
A06.5,1A36.11
A06.6,1A36.1Y/1D03.3Z
A06.7,1A36.12
A06.8,1A36.1Y
A06.9,1A36.Z
A07,1A3Z
A07.0,1A30
A07.1,1A31
A07.2,1A32
A07.3,1A33.Z
A07.8,1A3Z
A07.9,1A3Z
A08,1A2Z
A08.0,1A22
A08.1,1A23
A08.2,1A20
A08.3,1A2Z
A08.4,1A2Z
A08.5,1A2Z
A09,1A40.Z
A09.0,1A40.Z
A09.9,1A40.0
A15,1B10.0
A15.0,1B10.0
A15.1,1B10.0
A15.2,1B10.0
A15.3,1B10.0
A15.4,1B10.0
A15.5,1B10.0
A15.6,1B10.0
A15.7,1B10.0
A15.8,1B10.0
A15.9,1B10.0
A16,1B10.1
A16.0,1B10.1
A16.1,1B10.1
A16.2,1B10.Z
A16.3,1B10.Z
A16.4,1B10.Z
A16.5,1B10.Z
A16.7,1B10.Z
A16.8,1B10.Z
A16.9,1B10.Z
A17,1B11.Z
A17.0,1B11.0
A17.1,1B11.2
A17.8,1B11.Z
A17.9,1B11.Z
A18,1B12.Y
A18.0,1B12.40
A18.1,1B12.5
A18.2,1B12.6
A18.3,1B12.7
A18.4,1B12.8
A18.5,1B12.1
A18.6,1B12.2
A18.7,1B12.3&XA0NE9/5A74.0
A18.8,1B12.Y
A19,1B13.Z
A19.0,1B13.0
A19.1,1B13.1
A19.2,1B13.Z
A19.8,1B13.Z
A19.9,1B13.Z
A20,1B93.Z
A20.0,1B93.0
A20.1,1B93.1
A20.2,1B93.2
A20.3,1B93.3
A20.7,1B93.Z
A20.8,1B93.Z
A20.9,1B93.Z
A21,1B94.Z
A21.0,1B94.0
A21.1,1B94.Y
A21.2,1B94.Y
A21.3,1B94.Y
A21.7,1B94.Y
A21.8,1B94.Z
A21.9,1B94.Z
A22,1B97
A22.0,1B97
A22.1,1B97
A22.2,1B97
A22.7,1B97
A22.8,1B97
A22.9,1B97
A23,1B95
A23.0,1B95
A23.1,1B95
A23.2,1B95
A23.3,1B95
A23.8,1B95
A23.9,1B95
A24,1H0Z
A24.0,1B92
A24.1,1C42
A24.2,1C42
A24.3,1C42
A24.4,1C42
A25,1B90.1
A25.0,1B90.0
A25.1,1B90.1
A25.9,1B90.1
A26,1B96
A26.0,1B96
A26.7,1B96/1G40
A26.8,1B96
A26.9,1B96
A27,1B91
A27.0,1B91
A27.8,1B91
A27.9,1B91
A28,1B9Z
A28.0,1B99
A28.1,1B98
A28.2,1B9A
A28.8,1B9Z
A28.9,1B9Z
A30,1B20.Z
A30.0,1B20.0
A30.1,1B20.0
A30.2,1B20.0
A30.3,1B20.1
A30.4,1B20.1
A30.5,1B20.1
A30.8,1B20.Z
A30.9,1B20.Z
A31,1H0Z
A31.0,1B21.0
A31.1,EA5Z
A31.8,1H0Z
A31.9,1H0Z
A32,1C1A.Z
A32.0,1C1A.0
A32.1,1C1A.1
A32.7,1C1A.Z
A32.8,1C1A.Z
A32.9,1C1A.Z
A33,1C15
A34,1C14
A35,1C13
A36,1C17.Z
A36.0,1C17.0Z
A36.1,1C17.1
A36.2,1C17.2
A36.3,1C17.3
A36.8,1C17.Y
A36.9,1C17.Z
A37,1C12.Z
A37.0,1C12.0
A37.1,1C12.1
A37.8,1C12.Z
A37.9,1C12.Z
A38,1B50
A39,1C1C.Z
A39.0,1C1C.0
A39.1,1C1C.1
A39.2,1C1C.20
A39.3,1C1C.2Y
A39.4,1C1C.2Z
A39.5,1C1C.Y
A39.8,1C1C.Z
A39.9,1C1C.Z
A40,1G40
A40.0,1B5Z
A40.1,1B5Z
A40.2,1C41
A40.3,1B5Z
A40.8,1G40
A40.9,1G40
A41,1G40
A41.0,1B5Z
A41.1,1C41
A41.2,1C41
A41.3,1C41&XN1P6/1G40
A41.4,1C41
A41.5,1C41
A41.8,1G40
A41.9,1G40
A42,1C10.Z
A42.0,1C10.0
A42.1,1C10.1
A42.2,1C10.2
A42.7,1C10.Z
A42.8,1C10.Z
A42.9,1C10.Z
A43,1C1B.Z
A43.0,1C1B.0
A43.1,1C1B.1
A43.8,1C1B.Z
A43.9,1C1B.Z
A44,1C11.Z
A44.0,1C11.00
A44.1,1C11.01
A44.8,1C11.Z
A44.9,1C11.Z
A46,1B70.0Z
A48,1C4Z
A48.0,1C16
A48.1,1C19.Z
A48.2,1C19.0
A48.3,1C45.Z
A48.4,1C18
A48.8,1C4Z
A49,1C41
A49.0,1C41
A49.1,1C41
A49.2,1C41
A49.3,1C41
A49.8,1C41
A49.9,1C41
A50,1A60.Z
A50.0,1A60.0
A50.1,1A60.1
A50.2,1A60.Z
A50.3,1A60.2
A50.4,1A60.3
A50.5,1A60.Z
A50.6,1A60.5
A50.7,1A60.Z
A50.9,1A60.Z
A51,1A61.Z
A51.0,1A61.0
A51.1,1A61.1
A51.2,1A61.2
A51.3,1A61.3
A51.4,1A61.4
A51.5,1A61.5
A51.9,1A61.Z
A52,1A62.Z
A52.0,1A62.1
A52.1,1A62.01
A52.2,1A62.00
A52.3,1A62.0Z
A52.7,1A62.2Z
A52.8,1A62.Y
A52.9,1A62.Z
A53,1A6Z
A53.0,1A63
A53.9,1A6Z
A54,1A7Z
A54.0,1A70.0Z
A54.1,1A70.1
A54.2,1A71
A54.3,1A72.4
A54.4,1A72.0
A54.5,1A72.3
A54.6,1A7Z
A54.8,1A73
A54.9,1A7Z
A55,1A80
A56,1A81.Z
A56.0,1A81.0
A56.1,1A81.1
A56.2,1A81.0
A56.3,1A81.Y
A56.4,1A81.Y
A56.8,1A81.Z
A57,1A90
A58,1A91
A59,1A92
A59.0,1A92
A59.8,1A92
A59.9,1A92
A60,1A94.Z
A60.0,1A94.0
A60.1,1A94.1
A60.9,1A94.Z
A63,1A9Z
A63.0,1A95.Z
A63.8,1A9Z
A64,1A9Z
A65,1C1F
A66,1C1D.Z
A66.0,1C1D.0
A66.1,1C1D.1
A66.2,1C1D.1
A66.3,1C1D.1
A66.4,1C1D.2
A66.5,1C1D.2
A66.6,1C1D.Z
A66.7,1C1D.Z
A66.8,1C1D.3
A66.9,1C1D.Z
A67,1C1E.Z
A67.0,1C1E.0
A67.1,1C1E.1
A67.2,1C1E.2
A67.3,1C1E.3
A67.9,1C1E.Z
A68,1C1J.Z
A68.0,1C1J.1
A68.1,1C1J.0
A68.9,1C1J.Z
A69,1C4Z
A69.0,1C1H.Z
A69.1,1C4Z
A69.2,1C1G.Z
A69.8,1C4Z
A69.9,1C4Z
A70,1C22
A71,1C23.Z
A71.0,1C23.0
A71.1,1C23.1
A71.9,1C23.Z
A74,1C2Z
A74.0,1C20
A74.8,1C2Z
A74.9,1C2Z
A75,1C30.Z
A75.0,1C30.0
A75.1,1C30.1
A75.2,1C30.2
A75.3,1C30.3
A75.9,1C30.Z
A77,1C31.Z
A77.0,1C31.0
A77.1,1C31.1
A77.2,1C31.2
A77.3,1C31.3
A77.8,1C31.Z
A77.9,1C31.Z
A78,1C33
A79,1C3Z
A79.0,1C11.1
A79.1,1C32
A79.8,1C3Z
A79.9,1C3Z
A80,1C81
A80.0,1C81
A80.1,1C81
A80.2,1C81
A80.3,1C81
A80.4,1C81
A80.9,1C81
A81,1C8Z
A81.0,8E02.0
A81.1,8A45.01
A81.2,8A45.02
A81.8,1C8Z
A81.9,1C8Z
A82,1C82
A82.0,1C82
A82.1,1C82
A82.9,1C82
A83,1C8Z
A83.0,1C85
A83.1,1C83
A83.2,1C84
A83.3,1C86
A83.4,1C88
A83.5,1C8Z
A83.6,1C87
A83.8,1C8Z
A83.9,1C8Z
A84,1C8Z
A84.0,1C8G.0
A84.1,1C8G.1
A84.8,1C8Z
A84.9,1C8G.Z
A85,1C80
A85.0,1C80
A85.1,1C80
A85.2,1C80
A85.8,1C80
A86,1C80
A87,1C8E.Z
A87.0,1C8E.1
A87.1,1C8E.2
A87.2,1C8F
A87.8,1C8E.Z
A87.9,1C8E.Z
A88,1C8Z
A88.0,1F05.2
A88.1,1C8Y
A88.8,1C8Z
A89,1C8Z
A92,1D4Z
A92.0,1D40
A92.1,1D42
A92.2,1C8C
A92.3,1D46
A92.4,1D44
A92.5,1D48
A92.8,1D4Z
A92.9,1D4Z
A93,1D4Z
A93.0,1D43
A93.1,1D45
A93.2,1D41
A93.8,1D4Z
A94,1D4Z
A95,1D47
A95.0,1D47
A95.1,1D47
A95.9,1D47
A96,1D4Z
A96.0,1D61.0
A96.1,1D61.1
A96.2,1D61.2
A96.8,1D4Z
A96.9,1D4Z
A97,1D2Z
A97.0,1D20
A97.1,1D21
A97.2,1D22
A97.9,1D2Z
A98,1D4Z
A98.0,1D49
A98.1,1D4A
A98.2,1D4B
A98.3,1D60.1Z
A98.4,1D60.01
A98.5,1D62.0
A98.8,1D61.Z
A99,1D4Z
B00,1F00.Z
B00.0,1F00.03
B00.1,1F00.0Y
B00.2,1F00.02
B00.3,1F00.20
B00.4,1F00.21
B00.5,1F00.1Z
B00.7,1F00.3
B00.8,1F00.Z
B00.9,1F00.Z
B01,1E90.Z
B01.0,1E90.1
B01.1,1E90.2
B01.2,1E90.Y
B01.8,1E90.Z
B01.9,1E90.0
B02,1E91.Z
B02.0,1E91.3/1C80
B02.1,1E91.3
B02.2,1E91.Z
B02.3,1E91.1
B02.7,1E91.2
B02.8,1E91.Z
B02.9,1E91.Z
B03,1E70
B04,1E71
B05,1F03.0
B05.0,1F03.1
B05.1,1F03.2
B05.2,1F03.Y/CA40.1Z
B05.3,1F03.Y
B05.4,1F03.Y
B05.8,1F03.0
B05.9,1F03.0
B06,1F02.2
B06.0,1F02.0
B06.8,1F02.2
B06.9,1F02.2
B07,1E8Z
B08,1F0Z
B08.0,1F0Z
B08.1,1E76
B08.2,1F01
B08.3,1F04
B08.4,1F05.0
B08.5,1F05.1
B08.8,1F0Z
B09,1F0Z
B15,1E50.0
B15.0,1E50.0
B15.9,1E50.0
B16,1E50.1
B16.0,1E50.1
B16.1,1E50.1
B16.2,1E50.1
B16.9,1E50.1
B17,1E50.Z
B17.0,1E50.3
B17.1,1E50.2
B17.2,1E50.4
B17.8,1E50.Z
B17.9,1E50.Z
B18,1E51.Z
B18.0,1E51.2
B18.1,1E51.0Z
B18.2,1E51.1
B18.8,1E51.Z
B18.9,1E51.Y
B19,1E5Z
B19.0,1E5Z
B19.9,1E5Z
B20,1C62.Z
B20.0,1C62.Z
B20.1,1C62.Z
B20.2,1C62.Z
B20.3,1C62.Z
B20.4,1C62.1
B20.5,1C62.1
B20.6,1C62.1
B20.7,1C62.Z
B20.8,1C62.Z
B20.9,1C62.Z
B21,1C62.Z
B21.0,1C62.Z
B21.1,1C62.3Y
B21.2,1C62.3Y
B21.3,1C62.3Y
B21.7,1C62.3Y
B21.8,1C62.Z
B21.9,1C62.Z
B22,1C62.Z
B22.0,1C62.3Y
B22.1,1C62.2
B22.2,1C62.3Y
B22.7,1C62.Z
B23,1C62.Z
B23.0,1C62.0
B23.1,1C62.0
B23.2,1C62.2
B23.8,1C62
B24,1C62.1
B25,1D82.Z
B25.0,1D82.Y/CA40.1Z
B25.1,1D82.0
B25.2,1D82.1
B25.8,1D82.Y
B25.9,1D82.Y
B26,1D80.0
B26.0,1D80.1
B26.1,1D80.2
B26.2,1D80.3
B26.3,1D80.4
B26.8,1D80.0
B26.9,1D80.0
B27,1D81.Z
B27.0,1D81.Z
B27.1,1D81.1
B27.8,1D81.Z
B27.9,1D81.Z
B30,1D84.Z
B30.0,1D84.0
B30.1,1D84.0
B30.2,1D84.Y
B30.3,1D84.1
B30.8,1D84.Z
B30.9,1D84.Z
B33,1E1Z
B33.0,1D83
B33.1,1D4D
B33.2,1D85.Z
B33.3,1D9Y
B33.4,1D62.1
B33.8,1E1Z
B34,1D9Z
B34.0,1D90
B34.1,1D91
B34.2,1D92
B34.3,1D93
B34.4,1D9Y
B34.8,1D9Z
B34.9,1D9Z
B35,1F28.Z
B35.0,1F28.Z
B35.1,1F28.1
B35.2,1F28.Y
B35.3,1F28.2
B35.4,1F28.Y
B35.5,1F28.Y&XN8M6
B35.6,1F28.3
B35.8,1F28.Z
B35.9,1F28.Z
B36,1F2D.Z
B36.0,1F2D.0
B36.1,1F2D.4
B36.2,1F2D.2
B36.3,1F2D.3
B36.8,1F2D.Z
B36.9,1F2D.Z
B37,1F23.Z
B37.0,1F23.0
B37.1,1F23.31
B37.2,1F23.1Z
B37.3,1F23.10
B37.4,1F23.1Z&XA5FG3
B37.5,1F23.30
B37.6,1F23.3Y/BB40
B37.7,1F23.Y/1G40
B37.8,1F23.Z
B37.9,1F23.Z
B38,1F25.Z
B38.0,1F25.00
B38.1,1F25.00
B38.2,1F25.00
B38.3,1F25.11
B38.4,1F25.12
B38.7,1F25.10
B38.8,1F25.Z
B38.9,1F25.Z
B39,1F2A.Z
B39.0,1F2A.0&XT5R
B39.1,1F2A.0&XT8W
B39.2,1F2A.0
B39.3,1F2A.Y
B39.4,1F2A.Z
B39.5,1F2A.1
B39.9,1F2A.Z
B40,1F22
B40.0,1F22
B40.1,1F22
B40.2,1F22
B40.3,1F22
B40.7,1F22
B40.8,1F22
B40.9,1F22
B41,1F2E.Z
B41.0,1F2E.0
B41.7,1F2E.1
B41.8,1F2E.Z
B41.9,1F2E.Z
B42,1F2J.Z
B42.0,1F2J.2
B42.1,1F2J.0
B42.7,1F2J.3
B42.8,1F2J.Z
B42.9,1F2J.Z
B43,1F24
B43.0,1F24
B43.1,1F2F
B43.2,1F2F
B43.8,1F24
B43.9,1F24
B44,1F20.Z
B44.0,1F20.0Y
B44.1,1F20.Z
B44.2,1F20.13
B44.7,1F20.02
B44.8,1F20.Z
B44.9,1F20.Z
B45,1F27.Z
B45.0,1F27.0
B45.1,1F27.10
B45.2,1F27.Y
B45.3,1F27.Y
B45.7,1F27.2
B45.8,1F27.Z
B45.9,1F27.Z
B46,1F2C
B46.0,1F2C
B46.1,1F2C
B46.2,1F2C
B46.3,1F2C
B46.4,1F2C
B46.5,1F2C
B46.8,1F2C
B46.9,1F2C
B47,1F2Z
B47.0,1F29
B47.1,1C43
B47.9,1G60.0
B48,1F2Z
B48.0,1F2B
B48.1,1F56
B48.2,1F2H
B48.3,1F2Y
B48.4,1F2K
B48.5,1F2G.Z
B48.7,1F2Z
B48.8,1F2Z
B49,1F2Z
B50,1F40.Z
B50.0,1F40.0
B50.8,1F40.Z
B50.9,1F40.Z
B51,1F41.Z
B51.0,1F41.0
B51.8,1F41.Z
B51.9,1F41.Z
B52,1F42.Z
B52.0,1F42.0
B52.8,1F42.Z
B52.9,1F42.Z
B53,1F44
B53.0,1F43
B53.1,1F44
B53.8,1F44
B54,1F4Z
B55,1F54.Z
B55.0,1F54.0
B55.1,1F54.1
B55.2,1F54.2
B55.9,1F54.Z
B56,1F51.Z/1D00.2
B56.0,1F51.0Z
B56.1,1F51.1Z
B56.9,1F51.Z/1D00.2
B57,1F53.Z
B57.0,1F53.Y
B57.1,1F53.1
B57.2,1F53.2
B57.3,1F53.3
B57.4,1F53.Z
B57.5,1F53.Z
B58,1F57.Z
B58.0,1F57.3
B58.1,1F57.0
B58.2,1F57.1
B58.3,1F57.2
B58.8,1F57.Z
B58.9,1F57.Z
B60,1F5Z
B60.0,1F52
B60.1,1F50
B60.2,1F55
B60.8,1F5Z
B64,1F5Z
B65,1F86.Z
B65.0,1F86.0
B65.1,1F86.1
B65.2,1F86.2
B65.3,1F86.4
B65.8,1F86.Z
B65.9,1F86.Z
B66,1F8Z
B66.0,1F84
B66.1,1F80
B66.2,1F81
B66.3,1F82
B66.4,1F85
B66.5,1F83
B66.8,1F8Z
B66.9,1F8Z
B67,1F73.Z
B67.0,1F73.0
B67.1,1F73.1
B67.2,1F73.2
B67.3,1F73.Z
B67.4,1F73.Z
B67.5,1F73.0
B67.6,1F73.Z
B67.7,1F73.Z
B67.8,1F73.0
B67.9,1F73.Z
B68,1F76.Z
B68.0,1F76.0
B68.1,1F76.1
B68.9,1F76.Z
B69,1F70.Z
B69.0,1F70.0Z
B69.1,1F70.1
B69.8,1F70.Z
B69.9,1F70.Z
B70,1F7Z
B70.0,1F71
B70.1,1F75
B71,1F7Z
B71.0,1F74
B71.1,1F72
B71.8,1F7Z
B71.9,1F7Z
B72,1F64
B73,1F6A.Z
B74,1F66.Z
B74.0,1F66.30
B74.1,1F66.31
B74.2,1F66.32
B74.3,1F66.0
B74.4,1F66.1
B74.8,1F66.Z
B74.9,1F66.Z
B75,1F6E
B76,1F68.Z
B76.0,1F68.Z
B76.1,1F68.1
B76.8,1F68.Z
B76.9,1F68.Z
B77,1F62
B77.0,1F62
B77.8,1F62
B77.9,1F62
B78,1F6B
B78.0,1F6B
B78.1,1F6B
B78.7,1F6B
B78.9,1F6B
B79,1F6G
B80,1F65
B81,1F9Z
B81.0,1F61
B81.1,1F63.0
B81.2,1F6F
B81.3,1F60.1
B81.4,1F9Z
B81.8,1F9Z
B82,1F90.Z
B82.0,1F90.2
B82.9,1F90.Z
B83,1F9Z
B83.0,1F6D
B83.1,1F67
B83.2,1F60.Z
B83.3,1F6C
B83.4,1F9Z
B83.8,1F9Z
B83.9,1F9Z
B85,1G0Z
B85.0,1G00.0
B85.1,1G00.1
B85.2,1G00.Z
B85.3,1G03
B85.4,1G0Z
B86,1G04.Z
B87,1G01.Z
B87.0,1G01.3
B87.1,1G01.3
B87.2,1G01.0
B87.3,1G01.1
B87.4,1G01.Y
B87.8,1G01.Z
B87.9,1G01.Z
B88,1G0Z
B88.0,1G0Z
B88.1,1G05
B88.2,1G0Z
B88.3,1G02
B88.8,1G0Z
B88.9,1G0Z
B89,1G2Z
B90,1G80
B90.0,1G80
B90.1,1G80
B90.2,1G80
B90.8,1G80
B90.9,1G80
B91,1G83
B92,1G82
B94,1H0Z
B94.0,1C23.Z
B94.1,1C80
B94.2,1E5Z
B94.8,1H0Z
B94.9,1H0Z
B95,XN2QM
B95.0,XN6LP
B95.1,XN2M1
B95.2,XN5KC
B95.3,XN3PW
B95.4,XN3NM
B95.5,XN3NM
B95.6,XN6BM
B95.7,XN9ZG
B95.8,XN9ZG
B96,XN74M
B96.0,XN4NV
B96.1,XN741
B96.2,XN6P4
B96.3,XN1P6
B96.4,XN3BS
B96.5,XN022
B96.6,XN2R7
B96.7,XN7J5
B96.8,XN74M
B97,XN3BH
B97.0,XN000
B97.1,XN2P0
B97.2,XN83D
B97.3,XN6FR
B97.4,XN275
B97.5,XN22T
B97.6,XN7X8
B97.7,XN8JY
B97.8,XN3BH
B98.0,XN3DY
B98.1,XN44G
B99,1H0Z
C00,2B60.Z
C00.0,2B60.Z
C00.1,2B60.Z
C00.2,2B60.Z
C00.3,2B60.Z
C00.4,2B60.Z
C00.5,2B60.Z
C00.6,2B60.Z
C00.8,2B6Y
C00.9,2B60.Z
C01,2B61.Z
C02,2B62.Z
C02.0,2B61.Z&XA0HQ3
C02.1,2B62.Z
C02.2,2B62.Z
C02.3,2B62.Z
C02.4,2B62.1Z
C02.8,2B62.Z
C02.9,2B62.Z
C03,2B63.Z
C03.0,2B63.Z
C03.1,2B63.Z
C03.9,2B63.Z
C04,2B64.Z
C04.0,2B64.Z
C04.1,2B64.Z
C04.8,2B64.Z
C04.9,2B64.Z
C05,2B65.Z
C05.0,2B65.Z
C05.1,2B65.Z
C05.2,2B65.Z
C05.8,2B65.Z
C05.9,2B65.Z
C06,2B66.Z
C06.0,2B66.Z
C06.1,2B66.Z
C06.2,2B66.Z
C06.8,2B66.Z
C06.9,2B66.Z
C07,2B67.Z
C08,2B68.Z
C08.0,2B68.Z
C08.1,2B68.Z
C08.8,2B68.Z
C08.9,2B68.Z
C09,2B69.Z
C09.0,2B69.Z
C09.1,2B69.Z
C09.8,2B69.Z
C09.9,2B69.Z
C10,2B6A.Z
C10.0,2B6A.Z
C10.1,2B6A.Z
C10.2,2B6A.Z
C10.3,2B6A.Z
C10.4,2B6A.Z
C10.8,2B6A.Z
C10.9,2B6A.Z
C11,2B6B.Z
C11.0,2B6B.Z
C11.1,2B6B.Z
C11.2,2B6B.Z
C11.3,2B6B.Z
C11.8,2B6B.Z
C11.9,2B6B.Z
C12,2B6C.Z
C13,2B6D.Z
C13.0,2B6D.Z
C13.1,2B6D.Z
C13.2,2B6D.Z
C13.8,2B6D.Z
C13.9,2B6D.Z
C14,2B6E.Z
C14.0,2B6E.Z
C14.2,2B6E.Z
C14.8,2B6E.Z
C15,2B70.Z
C15.0,2B70.Z
C15.1,2B70.Z
C15.2,2B70.Z
C15.3,2B70.Z
C15.4,2B70.Z
C15.5,2B70.Z
C15.8,2B70.Z
C15.9,2B70.Z
C16,2B72.Z
C16.0,2B72.Z
C16.1,2B72.Z
C16.2,2B72.Z
C16.3,2B72.Z
C16.4,2B72.Z
C16.5,2B72.Z
C16.6,2B72.Z
C16.8,2B72.Z
C16.9,2B72.Z
C17,2B80.Z
C17.0,2B80.0Z
C17.1,2B80.1Z
C17.2,2B80.1Z
C17.3,2B80.Z
C17.8,2B80.Z
C17.9,2B80.Z
C18,2B90.Z
C18.0,2B90.0Z&XA6J68
C18.1,2B81.Z
C18.2,2B90.0Z
C18.3,2B90.0Z
C18.4,2B90.2Z
C18.5,2B90.1Z
C18.6,2B90.1Z
C18.7,2B90.3Z
C18.8,2B90.Z
C18.9,2B90.Z
C19,2B91.Z
C20,2B92.Z
C21,2C00.Z
C21.0,2C00.Z
C21.1,2C00.Z
C21.2,2C00.Z
C21.8,2C00.Z
C22,2C12.1
C22.0,2C12.02
C22.1,2C12.10
C22.2,2C12.01
C22.3,2B56.3
C22.4,2B5F.2
C22.7,2C12.0Z
C22.9,2C12.0Z
C23,2C13.Z
C24,2C17.Z
C24.0,2C17.Z
C24.1,2C16.Z
C24.8,2C17.Y
C24.9,2C17.Z
C25,2C10.Z
C25.0,2C10.Z
C25.1,2C10.Z
C25.2,2C10.Z
C25.3,2C10.Z
C25.4,2C10.1
C25.7,2C10.Z
C25.8,2C10.Z
C25.9,2C10.Z
C26,2C11.Z
C26.0,2C11.Z
C26.1,2B3Z
C26.8,2C11.Z
C26.9,2C11.Z
C30,2C2Z
C30.0,2C20.Z
C30.1,2C21.Z
C31,2C22.Z
C31.0,2C22.Z
C31.1,2C22.Z
C31.2,2C22.Z
C31.3,2C22.Z
C31.8,2C22.Z
C31.9,2C22.Z
C32,2C23.Z
C32.0,2C23.1Y
C32.1,2C23.2Y
C32.2,2C23.3Y
C32.3,2C23.4
C32.8,2C23.5
C32.9,2C23.Z
C33,2C24.Z
C34,2C25.Z
C34.0,2C25.Z
C34.1,2C25.Z
C34.2,2C25.Z
C34.3,2C25.Z
C34.8,2C25.Z
C34.9,2C25.Z
C37,2C27.Z
C38,2C28.Z
C38.0,2C28.Z
C38.1,2C28.Z
C38.2,2C28.Z
C38.3,2C28.Z
C38.4,2C26.Z
C38.8,2C28.1
C39,2C29.Z
C39.0,2C29.Z
C39.8,2C29.Z
C39.9,2C29.Z
C40,2B5Z
C40.0,2B5Z
C40.1,2B5Z
C40.2,2B5Z
C40.3,2B5Z
C40.8,2B5Z
C40.9,2B5Z
C41,2B5Z
C41.0,2B5Z
C41.1,2B5Z
C41.2,2B5Z
C41.3,2B5Z
C41.4,2B5Z
C41.8,2B5Z
C41.9,2B5Z
C43,2C30.Z
C43.0,2C30.Z
C43.1,2C30.Z
C43.2,2C30.Z
C43.3,2C30.Z
C43.4,2C30.Z
C43.5,2C30.Z
C43.6,2C30.Z
C43.7,2C30.Z
C43.8,2C30.Z
C43.9,2C30.Z
C44,2C3Z
C44.0,2C3Z
C44.1,2C3Z
C44.2,2C3Z
C44.3,2C3Z
C44.4,2C3Z
C44.5,2C3Z
C44.6,2C3Z
C44.7,2C3Z
C44.8,2C3Z
C44.9,2C3Z
C45,2D3Z
C45.0,2C26.0
C45.1,2C51.2Z
C45.2,2C28.1
C45.7,2D3Z
C45.9,2C26.0
C46,2B57.Z
C46.0,2B57.1
C46.1,2B57.Y
C46.2,2B57.Y&XA7ZA6
C46.3,2B57.Y&XA33X2
C46.7,2B57.Y
C46.8,2B57.Y
C46.9,2B57.Z
C47,2C4Z
C47.0,2C4Z
C47.1,2C4Z
C47.2,2C4Z
C47.3,2C4Z
C47.4,2C4Z
C47.5,2C4Z
C47.6,2C4Z
C47.8,2C4Z
C47.9,2C4Z
C48,2C53
C48.0,2C50.Z
C48.1,2C51.Z
C48.2,2C51.Z
C48.8,2C53.Z
C49,2B5K
C49.0,2B5K
C49.1,2B5K
C49.2,2B5K
C49.3,2B5K
C49.4,2B5K
C49.5,2B5K
C49.6,2B5K
C49.8,2B5K
C49.9,2B5K
C50,2C6Z
C50.0,2C6Z
C50.1,2C6Z
C50.2,2C6Z
C50.3,2C6Z
C50.4,2C6Z
C50.5,2C6Z
C50.6,2C6Z
C50.8,2C6Z
C50.9,2C6Z
C51,2C70.Z
C51.0,2C70.Z
C51.1,2C70.Z
C51.2,2C70.Z
C51.8,2C70.Z
C51.9,2C70.Z
C52,2C71.Z
C53,2C77.Z
C53.0,2C77.Z
C53.1,2C77.Z
C53.8,2C77.Z
C53.9,2C77.Z
C54,2C76.Z
C54.0,2C76.Z
C54.1,2C76.Z
C54.2,2C76.Z
C54.3,2C76.Z
C54.8,2C76.Z
C54.9,2C76.Z
C55,2C78
C56,2C73.Z
C57,2C7Z
C57.0,2C74.Z
C57.1,2C72.Z
C57.2,2C72.Z
C57.3,2C72.Z
C57.4,2C72.Z
C57.7,2C7Z
C57.8,2C79
C57.9,2C7Z
C58,2C75.Z
C60,2C81.Z
C60.0,2C81.Z
C60.1,2C81.Z
C60.2,2C81.Z
C60.8,2C81.Z
C60.9,2C81.Z
C61,2C82.Z
C62,2C80.Z
C62.0,2C80.Z
C62.1,2C80.Z
C62.9,2C80.Z
C63,2C84
C63.0,2C84
C63.1,2C84
C63.2,2C83.Z
C63.7,2C84
C63.8,2C84
C63.9,2C8Z
C64,2C90.Z
C65,2C91.Z
C66,2C92.Z
C67,2C94.Z
C67.0,2C94.Z
C67.1,2C94.Z
C67.2,2C94.Z
C67.3,2C94.Z
C67.4,2C94.Z
C67.5,2C94.Z
C67.6,2C94.Z
C67.7,2C94.Z
C67.8,2C94.Z
C67.9,2C94.Z
C68,2C9Z
C68.0,2C93.Z
C68.1,2C93.Z
C68.8,2C95.Z
C68.9,2C9Z
C69,2D0Z
C69.0,2D00.Z
C69.1,2D01.Z
C69.2,2D02.Z
C69.3,2D05.Z
C69.4,2D06.Z
C69.5,2D03.Z
C69.6,2D04
C69.8,2D0Z
C69.9,2D0Z
C70,2A01.00
C70.0,2A01.2
C70.1,2A01.2
C70.9,2A01.2
C71,2A00.5
C71.0,2A00.5
C71.1,2A00.5
C71.2,2A00.5
C71.3,2A00.5
C71.4,2A00.5
C71.5,2A00.5
C71.6,2A00.5
C71.7,2A00.5
C71.8,2A00.5
C71.9,2A00.5
C72,2A02.Z
C72.0,2A02.2
C72.1,2A02.2
C72.2,2A02.1Z
C72.3,2A02.12
C72.4,2A02.1Z
C72.5,2A02.Z
C72.8,2A02.Z
C72.9,2A0Z
C73,2D10.Z
C74,2D11.Z
C74.0,2D11.Z
C74.1,2D11.Z
C74.9,2D11.Z
C75,2D12.Z
C75.0,2D12.Z
C75.1,2D12.Z
C75.2,2D12.Y
C75.3,2D12.Y
C75.4,2D12.Y
C75.5,2D12.Y
C75.8,2D12.Y
C75.9,2D12.Z
C76,2D42
C76.0,2D42
C76.1,2D42
C76.2,2D42
C76.3,2D42
C76.4,2D42
C76.5,2D42
C76.7,2D42
C76.8,2D42
C77,2D6Z
C77.0,2D60.0
C77.1,2D60.1
C77.2,2D60.2
C77.3,2D60.3
C77.4,2D60.4
C77.5,2D60.5
C77.8,2D61
C77.9,2D6Z
C78,2D7Z
C78.0,2D70
C78.1,2D71
C78.2,2D72
C78.3,2D73
C78.4,2D84
C78.5,2D85
C78.6,2D91
C78.7,2D80.1
C78.8,2D8Z
C79,2E2Z
C79.0,2E00
C79.1,2E01
C79.2,2E08
C79.3,2E2Z
C79.4,2E2Z
C79.5,2E03
C79.6,2E05.0
C79.7,2E07
C79.8,2E2Z
C79.9,2E2Z
C80,2D4Z
C80.0,2D4Z
C80.9,2D4Z
C81,2B30.Z
C81.0,2B30.0
C81.1,2B30.10
C81.2,2B30.12
C81.3,2B30.13
C81.4,2B30.11
C81.7,2B30.1Z
C81.9,2B30.Z
C82,2A80.Z
C82.0,2A80.0
C82.1,2A80.1
C82.2,2A80.2
C82.3,2A80.2
C82.4,2A80.2
C82.5,2A80.Z
C82.6,2A80.3
C82.7,2A80.Z
C82.9,2A80.Z
C83,2A8Z
C83.0,2A82.0Z
C83.1,2A85.5
C83.3,2A81.Z
C83.5,2A70.0
C83.7,2A85.6
C83.8,2A8Z
C83.9,2A8Z
C84,2B2Z
C84.0,2B01
C84.1,2B02
C84.4,2A90.C
C84.5,2B2Z
C84.6,2A90.A
C84.7,2A90.B
C84.8,2B0Z
C84.9,2B2Z
C85,2A8Z
C85.1,2A86.0
C85.2,2A81.0
C85.7,2B3Z
C85.9,2B33.5
C86,2B3Z
C86.0,2A90.6
C86.1,2A90.8
C86.2,2A90.7
C86.3,2B00
C86.4,2A60.5
C86.5,2A90.9
C86.6,2B03.0
C88,2A84.Z
C88.0,2A85.4
C88.2,2A84.Z
C88.3,2A84.0
C88.4,2A85.3
C88.7,2A84.Z
C88.9,2A84.Z
C90,2A83.Z
C90.0,2A83.1
C90.1,2A83.4
C90.2,2A83.3
C90.3,2A83.2
C91,2B33.3
C91.0,2B33.3
C91.1,2A82.00
C91.3,2A82.1Z
C91.4,2A82.2
C91.5,2A90.5
C91.6,2A90.0
C91.7,2B33.3
C91.8,2A85.6
C91.9,2B33.3
C92,2B33.1
C92.0,2A60.3Z
C92.1,2A20.0Z
C92.2,2A41
C92.3,2A60.39
C92.4,2A60.Z
C92.5,2A60.33
C92.6,2A60.Z
C92.7,2B33.1
C92.8,XH64R4
C92.9,2B33.1
C93,2B33.1
C93.0,2A60.34
C93.1,2A40
C93.3,2A42.Z
C93.7,2B33.1
C93.9,2B33.1
C94,2B3Z
C94.0,2A60.35
C94.2,2A60.36
C94.3,2A21.00
C94.4,2A60.38
C94.6,2A44
C94.7,2B33.Y
C95,2B33.4
C95.0,2B33.0
C95.1,2B33.4
C95.7,2B33.4
C95.9,2B33.4
C96,2B3Z
C96.0,2B31.2Z
C96.2,2A21.Z
C96.4,2B31.Z
C96.5,2B31.2Y
C96.6,2B31.2Z
C96.7,2B3Z
C96.8,2B31.1
C96.9,2B3Z
C97,2D43
D00,2E60.2
D00.0,2E60.0
D00.1,2E60.1
D00.2,2E60.2
D01,2E61.Z
D01.0,2E61.0
D01.1,2E61.0&XA33J5
D01.2,2E61.1
D01.3,2E61.2
D01.4,2E61.Y
D01.5,2E61.Z
D01.7,2E61.Z
D01.9,2E61.Z
D02,2E62.Z
D02.0,2E62.0
D02.1,2E62.1
D02.2,2E62.2
D02.3,2E62.Z
D02.4,2E62.Z
D03,2E63.Z
D03.0,2E63.0Z
D03.1,2E63.0Z
D03.2,2E63.0Z
D03.3,2E63.0Z
D03.4,2E63.0Z
D03.5,2E63.0Z
D03.6,2E63.0Z
D03.7,2E63.0Z
D03.8,2E63.0Z
D03.9,2E63.Z
D04,2E64.Z
D04.0,2E64.Z
D04.1,2E64.Z
D04.2,2E64.Z
D04.3,2E64.Z
D04.4,2E64.Z
D04.5,2E64.Z
D04.6,2E64.Z
D04.7,2E64.Z
D04.8,2E64.Z
D04.9,2E64.Z
D05,2E65.Z
D05.0,2E65.0
D05.1,2E65.2
D05.7,2E65.Z
D05.9,2E65.Z
D06,2E66.Z
D06.0,2E66.Z
D06.1,2E66.Z
D06.7,2E66.Z
D06.9,2E66.Z
D07,2E67.3
D07.0,2E67.0
D07.1,2E67.13
D07.2,2E67.2Z
D07.3,2E67.3
D07.4,2E67.41
D07.5,2E67.5
D07.6,2E67.6
D09,2E6Z
D09.0,2E68
D09.1,2E69
D09.2,2E6A.Y
D09.3,2E6B
D09.7,2E6Z
D09.9,2E6Z
D10,2E90.3
D10.0,2E90.0
D10.1,2E90.1
D10.2,2E90.2
D10.3,2E90.3
D10.4,2E90.4
D10.5,2E90.5
D10.6,2E90.6
D10.7,2E90.7
D10.9,2E90.8
D11,2E91.Z
D11.0,2E91.0
D11.7,2E91.1
D11.9,2E91.Z
D12,2E92.Z
D12.0,2E92.4Y
D12.1,2E92.4Y
D12.2,2E92.4Y
D12.3,2E92.4Y
D12.4,2E92.4Y
D12.5,2E92.4Y
D12.6,2E92.4Z
D12.7,2E92.4Y
D12.8,2E92.4Y
D12.9,2E92.5
D13,2E92.Z
D13.0,2E92.0
D13.1,2E92.1
D13.2,2E92.2
D13.3,2E92.3
D13.4,2E92.7
D13.5,2E92.6
D13.6,2E92.8
D13.7,2E92.9
D13.9,2E92.Z
D14,2F00.Z
D14.0,2F00.Z
D14.1,2F00.Z
D14.2,2F00.Y
D14.3,2F00.Y
D14.4,2F00.Z
D15,2F01
D15.0,2F01
D15.1,2F01
D15.2,2F01
D15.7,2F01
D15.9,2F01
D16,2E8Z
D16.0,2E83.5
D16.1,2E83.5
D16.2,2E83.5
D16.3,2E83.5
D16.4,2E83.0
D16.5,2E83.1
D16.6,2E83.2
D16.7,2E83.3
D16.8,2E83.4
D16.9,2E8Z
D17,2E80.Z
D17.0,2E80.Z
D17.1,2E80.Z
D17.2,2E80.Z
D17.3,2E80.Z
D17.4,2E80.02
D17.5,2E80.02
D17.6,2E80.01
D17.7,2E80.Z
D17.9,2E80.Z
D18,2E81.Z
D18.0,2E81.0Z
D18.1,2E81.1Z
D19,2F10
D19.0,2F10
D19.1,2F10
D19.7,2F10
D19.9,2F10
D20,2E85.1
D20.0,2E85.1
D20.1,2E85.1
D21,2E8Z
D21.0,2E8Z
D21.1,2E8Z
D21.2,2E8Z
D21.3,2E8Z
D21.4,2E8Z
D21.5,2E8Z
D21.6,2E8Z
D21.9,2E8Z
D22,2F20.Z
D22.0,2F20.Z
D22.1,2F20.Z
D22.2,2F20.Z
D22.3,2F20.Z
D22.4,2F20.Z
D22.5,2F20.Z
D22.6,2F20.Z
D22.7,2F20.Z
D22.9,2F20.Z
D23,2F2Z
D23.0,2E90.0
D23.1,2F36.Z&XA3RB1
D23.2,2F2Z
D23.3,2F2Z
D23.4,2F2Z
D23.5,2F2Z
D23.6,2F2Z
D23.7,2F2Z
D23.9,2F2Z
D24,2F30.Z
D25,2E86.0
D25.0,2E86.0
D25.1,2E86.0
D25.2,2E86.0
D25.9,2E86.0
D26,2F31.2
D26.0,2F31.0
D26.1,2F31.1
D26.7,2F31.2
D26.9,2F31.2
D27,2F32.Z
D28,2F33
D28.0,2F33&XA78U5
D28.1,2F33&XA1LK7
D28.2,2F33&XA3EF0
D28.7,2F33
D28.9,2F33
D29,2F34
D29.0,2F34
D29.1,2F34
D29.2,2F34
D29.3,2F34
D29.4,2F34
D29.7,2F34
D29.9,2F34
D30,2F35
D30.0,2F35
D30.1,2F35
D30.2,2F35
D30.3,2F35
D30.4,2F35
D30.7,2F35
D30.9,2F35
D31,2F36.Z
D31.0,2F36.Z
D31.1,2F36.Y
D31.2,2F36.Y
D31.3,2F36.0
D31.4,2F36.2
D31.5,2F36.Y&XA0096
D31.6,2F36.Z&XA2WJ9
D31.9,2F36.Z
D32,2A01.2
D32.0,2A01.2
D32.1,2A01.2
D32.9,2A01.2
D33,2A0Z
D33.0,2A00.5
D33.1,2A00.5
D33.2,2A00.5
D33.3,2A02.3
D33.4,2A02.4
D33.7,2A0Z
D33.9,2A0Z
D34,2F37.Z
D35,2F37.Z
D35.0,2F37.Z
D35.1,2F37.Z
D35.2,2F37.Z
D35.3,2F37.Z
D35.4,2F37.Z
D35.5,2F37.Z
D35.6,2F37.Z
D35.7,2F37.Z
D35.8,2F37.Z
D35.9,2F37.Z
D36,2F3Z
D36.0,2F3Y
D36.1,2F3Y
D36.7,2F3Z
D37.9,2F90.Z
D42,2A01.2
D42.0,2A01.2
D42.1,2A01.2
D42.9,2A01.2
D43,2A0Z
D43.0,2A00.5
D43.1,2A00.5
D43.2,2A00.5
D43.3,2A0Z
D43.4,2A0Z
D43.7,2A0Z
D43.9,2A0Z
D45,2A20.4
D46,2A3Z
D46.0,2A30
D46.1,2A33
D46.2,2A35
D46.4,2A30
D46.5,2A34
D46.6,2A36
D46.7,2A3Z
D46.9,2A3Z
D47,2B3Z
D47.0,2B31.Z
D47.1,2A2Z
D47.2,2A83.0
D47.3,3B63.Z
D47.4,2A20.2
D47.5,2A20.3
D47.7,2B3Z
D47.9,2B3Z
D50,3A00.Z
D50.0,3A00.0Z
D50.1,3A00.Y
D50.8,3A00.Z
D50.9,3A00.Z
D51,3A01.Z
D51.0,3A01.Z
D51.1,3A01.Y
D51.2,3A01.0
D51.3,3A01.Z
D51.8,3A01.Z
D51.9,3A01.Z
D52,3A02.Z
D52.0,3A02.1
D52.1,3A02.4
D52.8,3A02.Z
D52.9,3A02.Z
D53,3A03.Y
D53.0,3A03.1
D53.1,3A03.Y
D53.2,3A03.2
D53.8,3A03.Y
D53.9,3A03.Y
D55,3A10.Z
D55.0,3A10.00
D55.1,3A10.0Z
D55.2,3A10.Y
D55.3,3A10.Z
D55.8,3A10.Z
D55.9,3A10.Z
D56,3A50.Z
D56.0,3A50.0Z
D56.1,3A50.2
D56.2,3A50.3
D56.3,3A50.Z
D56.4,3A50.4
D56.8,3A50.Z
D56.9,3A50.Z
D57,3A51.Z
D57.0,3A51.2
D57.1,3A51.1
D57.2,3A51.3
D57.3,3A51.0
D57.8,3A51.Z
D58,3A10.Z
D58.0,3A10.Y
D58.1,3A10.2
D58.2,3A10.Z
D58.8,3A10.Z
D58.9,3A10.Z
D59,3A2Z
D59.0,3A20.Y
D59.1,3A2Z
D59.2,3A21.Y
D59.3,3A21.2
D59.4,3A21.Y
D59.5,3A21.0
D59.6,3A21.Z
D59.8,3A2Z
D59.9,3A2Z
D60,3A61.Z
D60.0,3A61.1
D60.1,3A61.0
D60.8,3A61.Z
D60.9,3A6Z
D61,3A70.Z
D61.0,3A9Z
D61.1,3A70.10
D61.2,3A70.11
D61.3,3A70.12
D61.8,3A70.1Z
D61.9,3A70.1Z
D62,3A94
D63,3A71.Z
D63.0,3A71.Z
D63.8,3A71.Z
D64,3A9Y
D64.0,3A72.0Z
D64.1,3A72.1
D64.2,3A72.1
D64.3,3A72.Z
D64.4,3A73
D64.8,3A9Y
D64.9,3A9Z
D65,3B20
D66,3B10.Z
D67,3B11.Z
D68,3B6Z
D68.0,3B12
D68.1,3B13
D68.2,3B1Z
D68.3,3B21.Z
D68.4,3B2Y
D68.5,3B61.0Z
D68.6,3B6Z
D68.8,3B4Z
D68.9,3B4Z
D69,3B6Z
D69.0,4A44.92
D69.1,3B62.Z
D69.2,3B60.1
D69.3,3B64.10
D69.4,3B64.Z
D69.5,3B64.11
D69.6,3B64.Z
D69.8,3B4Z
D69.9,3B4Z
D70,4B00.Y
D71,4A00.0Z
D72,4B0Z
D72.0,4B0Z
D72.1,4B03.Z
D72.8,4B0Z
D72.9,4B0Z
D73,3B8Z
D73.0,3B81.2
D73.1,3B81.B
D73.2,3B81.C
D73.3,3B81.71
D73.4,3B81.5Z
D73.5,3B81.6
D73.8,3B8Z
D73.9,3B8Z
D74,3A9Z
D74.0,3A9Z
D74.8,3A9Z
D74.9,3A9Z
D75,3C0Z
D75.0,3A80.0
D75.1,3A81.Z
D75.8,3C0Z
D75.9,3C0Z
D76,3C0Z
D76.1,4A01.23
D76.2,3B62.5
D76.3,3C0Z
D77,3C0Z
D80,4A01.0Z
D80.0,4A01.00
D80.1,4A01.01
D80.2,4A01.04
D80.3,4A01.04
D80.4,4A01.04
D80.5,4A01.05
D80.6,4A01.02
D80.7,4A01.03
D80.8,4A01.0Y
D80.9,4A01.0Z
D81,4A01.1Z
D81.0,4A01.10
D81.1,4A01.10
D81.2,4A01.10
D81.3,4A01.10
D81.4,4A01.30
D81.5,4A01.1Y
D81.6,4A01.11
D81.7,4A01.12
D81.8,4A01.1Z
D81.9,4A01.1Z
D82,4A01.Z
D82.0,3B62.0Y
D82.1,LD44.N0
D82.2,4A01.10
D82.3,4A01.22
D82.4,4A01.34
D82.8,4A0Z
D82.9,4A0Z
D83,4A01.0Y
D83.0,4A01.0Y
D83.1,4A01.0Y
D83.2,4A01.0Y
D83.8,4A01.0Y
D83.9,4A01.0Y
D84,4B4Z
D84.0,4B0Y
D84.1,4A00.1Z
D84.8,4B4Z
D84.9,4A0Z
D86,4B20.Z
D86.0,4B20.0
D86.1,4B20.1
D86.2,4B20.Y&XA57M6
D86.3,4B20.5
D86.8,4B20.Z
D86.9,4B20.Z
D89,4B4Z
D89.0,4B21
D89.1,4B4Z
D89.2,4B2Y
D89.3,4B23
D89.8,4B4Z
D89.9,4B4Z
E00,5A00.04
E00.0,5A00.04
E00.1,5A00.04
E00.2,5A00.04
E00.9,5A00.04
E01,5A00.1Z
E01.0,5A00.10
E01.1,5A00.11
E01.2,5A00.1Z
E01.8,5A00.1Z
E02,5A00.22
E03,5A00.Z
E03.0,5A00.00
E03.1,5A00.01
E03.2,5A00.20
E03.3,5A00.2Z
E03.4,5A0Z
E03.5,5A00.21
E03.8,5A00.Z
E03.9,5A00.Z
E04,5A01.Z
E04.0,5A01.0
E04.1,5A01.1
E04.2,5A01.2
E04.8,5A01.Z
E04.9,5A01.Z
E05,5A02.Z
E05.0,5A02.0
E05.1,5A02.1
E05.2,5A02.2
E05.3,5A02.3
E05.4,5A02.4
E05.5,5A02.5
E05.8,5A02.Y
E05.9,5A02.Z
E06,5A03.Z
E06.0,5A03.0
E06.1,5A03.1
E06.2,5A03.Y
E06.3,5A03.2Z
E06.4,5A03.Y
E06.5,5A03.Y
E06.9,5A03.Z
E07,5A0Z
E07.0,5A04
E07.1,5A00.00
E07.8,5A0Z
E07.9,5A0Z
E10,5A10
E11,5A11
E12,5A12
E13,5A13.Y
E14,5A14
E15,5A41
E16,5A4Z
E16.0,5A41
E16.1,5A4Z
E16.2,5A41
E16.3,5A42
E16.4,5A43.Z
E16.8,5A4Z
E16.9,5A4Z
E20,5A50.Z
E20.0,5A50.00
E20.1,5A50.1
E20.8,5A50.Z
E20.9,5A50.Z
E21,5A5Z
E21.0,5A51.0
E21.1,5A51.1
E21.2,5A5Z
E21.3,5A5Z
E21.4,5A5Y
E21.5,5A5Z
E22,5A60.Z
E22.0,5A60.0
E22.1,5A60.1
E22.2,5A60.2Z
E22.8,5A60.Z
E22.9,5A60.Z
E23,5A61.Y
E23.0,5A61.0
E23.1,5A61.0
E23.2,5A61.5
E23.3,5A61.Y
E23.6,5A6Z
E23.7,5A6Z
E24,5A70.Z
E24.0,5A70.0
E24.1,5A70.3
E24.2,5A70.Y
E24.3,5A70.1
E24.4,5A70.2
E24.8,5A70.Z
E24.9,5A70.Z
E25,5A71.Z
E25.0,5A71.01
E25.8,5A71.Z
E25.9,5A71.Z
E26,5A72.Z
E26.0,5A72.0
E26.1,5A72.1
E26.8,5A72.Z
E26.9,5A72.Z
E27,5A7Z
E27.0,5A76.Y
E27.1,5A74.0
E27.2,5A74.1
E27.3,5A74.0
E27.4,5A7Z
E27.5,5A75
E27.8,5A76.Y
E27.9,5A7Z
E28,5A80.Z
E28.0,5A80.Z
E28.1,5A80.0
E28.2,5A80.1
E28.3,GA30.6
E28.8,5A80.Z
E28.9,5A80.Z
E29,5A81.Z
E29.0,5A81.0
E29.1,5A81.1
E29.8,5A81.Z
E29.9,5A81.Z
E30,5A9Z
E30.0,5A91
E30.1,5A92
E30.8,5A9Z
E30.9,5A9Z
E31,5B0Z
E31.0,5B00
E31.1,5B01
E31.8,5B0Z
E31.9,5B0Z
E32,4B40.Z
E32.0,4B40.0
E32.1,4B40.1
E32.8,4B40.Z
E32.9,4B40.Z
E34,5B3Z
E34.0,5B10
E34.1,5B3Y
E34.2,5B3Y
E34.3,5B11
E34.4,5B12
E34.5,LD2A.4
E34.8,5B3Z
E34.9,5B3Z
E35,5B3Z
E35.0,1B12.3&XA8RK3
E35.1,5A7Z
E35.8,5B11
E40,5B52&XS25
E41,5B7Z
E42,5B51&XS25
E43,5B7Z
E44,5B71
E44.0,5B71
E44.1,5B71
E45,5B71
E46,5B71
E50,5B55.Z
E50.0,5B55.1
E50.1,5B55.2
E50.2,5B55.3
E50.3,5B55.4
E50.4,5B55.4
E50.5,5B55.0
E50.6,5B55.5
E50.7,5B55.Y
E50.8,5B55.Y
E50.9,5B55.Z
E51,5B5A.Z
E51.1,5B5A.0Z
E51.2,5B5A.10
E51.8,5B5A.Z
E51.9,5B5A.Z
E52,5B5C.Z
E53,5B7Z
E53.0,5B5B
E53.1,5B5D
E53.8,5B7Z
E53.9,5B7Z
E54,5B56.Z
E55,5B57.Z
E55.0,5B57.0
E55.9,5B57.Z
E56,5B7Z
E56.0,5B58
E56.1,5B59
E56.8,5B7Z
E56.9,5B7Z
E58,5B5K.1Z
E59,5B5K.7
E60,5B5K.2
E61,5B7Z
E61.0,5B5K.6
E61.1,5B5K.0
E61.2,5C64.41
E61.3,5B5K.9
E61.4,5B5K.8
E61.5,5B5K.A
E61.6,5B5K.B
E61.7,8D40.Z
E61.8,5B7Z
E61.9,5B5K.Z
E63,5B7Z
E63.0,5B70
E63.1,5B7Z
E63.8,5B7Z
E63.9,5B7Z
E64,5B6Z
E64.0,5B60
E64.1,5B55.Z
E64.2,5B62
E64.3,5B6Z
E64.8,5B7Z
E64.9,5B7Z
E65,5B80.1
E66,5B81.Z
E66.0,5B81.01
E66.1,5B81.1
E66.2,7A42.0
E66.8,5B81.Z
E66.9,5B81.Z
E67,5B9Z
E67.0,5B90.0
E67.1,5B90.1
E67.2,5B90.3
E67.3,5B90.2
E67.8,5B9Z
E68,5C1Z
E70,5C50.Z
E70.0,5C50.00
E70.1,5C50.Z
E70.2,5C50.1Z
E70.3,5C50.Z
E70.8,5C50.Z
E70.9,5C50.Z
E71,5C50.Z
E71.0,5C50.D0
E71.1,5C50.DZ
E71.2,5C50.DZ
E71.3,5C52.0Z
E72,5C50.Z
E72.0,5C60.Z
E72.1,5C50.B
E72.2,5C50.AZ
E72.3,5C50.4
E72.4,5C50.9
E72.5,5C50.7Z
E72.8,5C50.Z
E72.9,5C50.Z
E73,5C61.6Z
E73.0,5C61.61
E73.1,5C61.62
E73.8,5C61.6Z
E73.9,5C61.6Z
E74,5C51.Z
E74.0,5C51.3
E74.1,5C51.5Z
E74.2,5C51.4Z
E74.3,5C51.Z
E74.4,5C53.0Z
E74.8,5C51.Z
E74.9,5C51.Z
E75,5D2Z
E75.0,5C56.00
E75.1,5C56.00
E75.2,5D2Z
E75.3,5C56.0Z
E75.4,5C56.1
E75.5,5C52.Z
E75.6,5C52.Z
E76,5C56.3Z
E76.0,5C56.30
E76.1,5C56.31
E76.2,5C56.3Z
E76.3,5C56.3Z
E76.8,5C56.3Z
E76.9,5C56.3Z
E77,5C56.2Z
E77.0,5C56.Z
E77.1,5C56.4
E77.8,5C56.2Z
E77.9,5C56.2Z
E78,5C8Z
E78.0,5C80.00
E78.1,5C80.1
E78.2,5C80.2
E78.3,5C80.1
E78.4,5C80.Z
E78.5,5C80.Z
E78.6,5C81.Z
E78.8,5C8Z
E78.9,5C8Z
E79,5C55.Z
E79.0,5C55.Y
E79.1,5C55.01
E79.8,5C55.Z
E79.9,5C55.Z
E80,5C58.Z
E80.0,5C58.12
E80.1,5C58.10
E80.2,5C58.1Z
E80.3,5C58.Z
E80.4,5C58.01
E80.5,5C58.00
E80.6,5C90.1
E80.7,5C58.0Z
E83,5C64.Z
E83.0,5C64.0Z
E83.1,5C64.1Z
E83.2,5C64.2Z
E83.3,5C64.3
E83.4,5C64.4Z
E83.5,5C64.5
E83.8,5C64.Z
E83.9,5C64.Z
E84,CA25.Z
E84.0,CA25.0
E84.1,CA25.Z
E84.8,CA25.Z
E84.9,CA25.Z
E85,5D00.Z
E85.0,5D00.21
E85.1,5D00.20
E85.2,5D00.2Z
E85.3,5D00.1
E85.4,5D00.0
E85.8,5D00.Z
E85.9,5D00.Z
E86,5C70.Z
E87,5C7Z
E87.0,5C71
E87.1,5C72
E87.2,5C73.Z
E87.3,5C74
E87.4,5C75
E87.5,5C76
E87.6,5C77
E87.7,5C78
E87.8,5C7Y
E88,5D2Z
E88.0,5D2Z
E88.1,5D2Z
E88.2,EF02.1
E88.3,5D01
E88.8,5D2Z
E88.9,5D2Z
E89,5D44
E89.0,5D40.Z
E89.1,5D41
E89.2,5D42
E89.3,5D43
E89.4,5D44
E89.5,5D45
E89.6,5D46
E89.8,5D44
E89.9,5D44
E90,5D2Z
F00,6D80.Z
F00.0,6D80.0
F00.1,6D80.1
F00.2,6D80.Z
F00.9,6D80.Z
F01,6D81
F01.0,6D81
F01.1,6D81
F01.2,6D81
F01.3,6D81
F01.8,6D81
F01.9,6D81
F02,6D8Z
F02.0,6D83
F02.1,6D85.5
F02.2,6D85.1
F02.3,6D85.0
F02.4,6D85.3
F02.8,6D8Z
F03,6D8Z
F04,6D72.0
F05,6D70.Z
F05.0,6D70.Z
F05.1,6D70.Z
F05.8,6D70.Z
F05.9,6D70.Z
F06,6E6Z
F06.0,6E61.0
F06.1,6A4Z
F06.2,6E61.1
F06.3,6E62.3
F06.4,6E63
F06.5,6E65
F06.6,6E68
F06.7,6D71
F06.8,6E6Z
F06.9,6E6Z
F07,6E68
F07.0,6E68
F07.1,6E6Z
F07.2,6D71
F07.8,6E6Z
F07.9,6E6Z
F09,6E0Z
F10,6C40.Z
F11,6C43.Z
F12,6C41.Z
F13,6C44.Z
F14,6C45.Z
F15,6C48.Z
F16,6C49.Z
F17,6C4A.Z
F18,6C4B.Z
F19,6C4Z
F20,6A20.Z
F20.0,6A20.Z
F20.1,6A20.Z
F20.2,6A20.Z
F20.3,6A20.Z
F20.4,6A2Z
F20.5,6A20.Z
F20.6,6A20.Z
F20.8,6A20.Z
F20.9,6A20.Z
F21,6A22
F22,6A24.Z
F22.0,6A24.Z
F22.8,6A24.Z
F22.9,6A24.Z
F23,6A23.Z
F23.0,6A23.Z
F23.1,6A23.Z
F23.2,6A23.Z
F23.3,6A23.Z
F23.8,6A23.Z
F23.9,6A23.Z
F24,6A24.Z
F25,6A21.Z
F25.0,6A21.Z
F25.1,6A21.Z
F25.2,6A21.Z
F25.8,6A21.Z
F25.9,6A21.Z
F28,6A2Z
F29,6A2Z
F30,6A8Z
F30.0,MB2Y
F30.1,6A8Z
F30.2,6A8Z
F30.8,6A8Z
F30.9,6A8Z
F31,6A6Z
F31.0,6A60.2
F31.1,6A60.0
F31.2,6A60.1
F31.3,6A60.3
F31.4,6A60.6
F31.5,6A60.7
F31.6,6A60.9
F31.7,6A60.F
F31.8,6A6Z
F31.9,6A6Z
F32,6A70.Z
F32.0,6A70.0
F32.1,6A70.1
F32.2,6A70.3
F32.3,6A70.4
F32.8,6A7Z
F32.9,6A7Z
F33,6A71.Z
F33.0,6A71.0
F33.1,6A71.1
F33.2,6A71.3
F33.3,6A71.4
F33.4,6A71.7
F33.8,6A71.Z
F33.9,6A71.Z
F34,6A8Z
F34.0,6A62
F34.1,6A72
F34.8,6A8Z
F34.9,6A8Z
F38,6A8Z
F38.0,6A8Z
F38.1,6A8Z
F38.8,6A8Z
F39,6A8Z
F40,6B0Z
F40.0,6B02
F40.1,6B04
F40.2,6B03
F40.8,6B0Z
F40.9,6B0Z
F41,6B0Z
F41.0,6B01
F41.1,6B00
F41.2,6A73
F41.3,6C9Z
F41.8,6C9Z
F41.9,6B0Z
F42,6B20.Z
F42.0,6B20.Z
F42.1,6B20.Z
F42.2,6B20.Z
F42.8,6B20.Z
F42.9,6B20.Z
F43,6B4Z
F43.0,QE84
F43.1,6B40
F43.2,6B43
F43.8,6B4Z
F43.9,6B4Z
F44,6B6Z
F44.0,6B61.Z
F44.1,6B61.0
F44.2,6B60.Z
F44.3,6B63
F44.4,6B60.8Z
F44.5,6B60.4
F44.6,6B60.3
F44.7,6B6Z
F44.8,6B6Z
F44.9,6B6Z
F45,6C20.Z
F45.0,6C20.Z
F45.1,6C20.Z
F45.2,6B23.Z
F45.3,6C20.Z
F45.4,6C20.Z
F45.8,6C20.Z
F45.9,6C20.Z
F48,6B6Z
F48.0,6A8Z
F48.1,6B66
F48.8,6E8Z
F48.9,6B6Z
F50,6B8Z
F50.0,6B80.Z
F50.1,6B80.Z
F50.2,6B81
F50.3,6B81
F50.4,6B8Z
F50.5,6B8Z
F50.8,6B8Z
F50.9,6B8Z
F51,7B2Z
F51.0,7A0Z
F51.1,7A26
F51.2,7B2Z
F51.3,7B00.1
F51.4,7B00.2
F51.5,7B01.2
F51.8,7B2Z
F51.9,7B2Z
F52,HA0Z
F52.0,HA0Z
F52.1,HA00.Z
F52.2,HA01.Z
F52.3,HA02.Z
F52.4,HA03.0Z
F52.5,HA20.Z
F52.6,HA20.Z
F52.7,6C72
F52.8,HA0Z
F52.9,HA0Z
F53,6E2Z
F53.0,6E8Z
F53.1,6E8Z
F53.8,6E8Z
F53.9,6E8Z
F54,6E40.Z
F55,6C4H.1Z
F59,6E8Z
F60,6D10.Z
F60.0,6D10.Z
F60.1,6D10.Z
F60.2,6D10.Z
F60.3,6D10.Z
F60.4,6D10.Z
F60.5,6D11.4
F60.6,6D10.Z
F60.7,6D10.Z
F60.8,6D10.Z
F60.9,6D10.Z
F61,6D10.Z
F62,6E8Z
F62.0,6B4Z
F62.1,6D10.Z
F62.8,6D10.Z
F62.9,6D10.Z
F63,6C7Z
F63.0,6C50.Z
F63.1,6C70
F63.2,6C71
F63.3,6B25.0
F63.8,6C7Z
F63.9,6C7Z
F64,HA6Z
F64.0,HA60
F64.1,6D3Z
F64.2,HA61
F64.8,HA6Z
F64.9,HA60
F65,6D3Z
F65.0,6D36
F65.1,6D36
F65.2,6D30
F65.3,6D31
F65.4,6D32
F65.5,6D36
F65.6,6D3Z
F65.8,6D3Z
F65.9,6D3Z
F66,QA15.1
F66.0,QA15.1
F66.1,QA15.1
F66.2,QA15.1
F66.8,QA15.1
F66.9,QA15.1
F68,6D5Z
F68.0,6E8Z
F68.1,6D50
F68.8,6E8Z
F69,6D10.Z
F70,6A00.0
F71,6A00.1
F72,6A00.2
F73,6A00.3
F78,6A00.Z
F79,6A00.Z
F80,6A01.Z
F80.0,6A01.0
F80.1,6A01.21
F80.2,6A01.20
F80.3,8A62.2
F80.8,6A01.Z
F80.9,6A01.Z
F81,6A03.Z
F81.0,6A03.0
F81.1,6A03.1
F81.2,6A03.2
F81.3,6A03.Z
F81.8,6A03.Z
F81.9,6A03.Z
F82,6A04
F83,6A0Z
F84,6A0Z
F84.0,6A02.Z
F84.1,6A02.Z
F84.2,LD90.4
F84.3,6A0Z
F84.4,6A0Z
F84.5,6A02.0
F84.8,6A0Z
F84.9,6A0Z
F88,6A0Z
F89,6A0Z
F90,6A05.Z
F90.0,6A05.Z
F90.1,6C91.Z
F90.8,6A05.Z
F90.9,6A05.Z
F91,6C91.Z
F91.0,6C91.Z
F91.1,6C91.Z
F91.2,6C91.Z
F91.3,6C90.Z
F91.8,6C91.Z
F91.9,6C91.Z
F92,6C91.Z
F92.0,6C91.Z
F92.8,6C91.Z
F92.9,6C9Z
F93,6B0Z
F93.0,6B05
F93.1,6C9Z
F93.2,6C9Z
F93.3,6C9Z
F93.8,6C9Z
F93.9,6C9Z
F94,6B0Z
F94.0,6B06
F94.1,6B44
F94.2,6B45
F94.8,6C9Z
F94.9,6C9Z
F95,8A05.Z
F95.0,8A05.0Z
F95.1,8A05.Z
F95.2,8A05.00
F95.8,8A05.Z
F95.9,8A05.Z
F98,6B0Z
F98.0,6C00.Z
F98.1,6C01.Z
F98.2,6B8Z
F98.3,6B84
F98.4,6A06.Z
F98.5,6A01.1
F98.6,6A01.1
F98.8,6E8Z
F98.9,6E8Z
F99,6E8Z
G00,1D01.0Z
G00.0,1D01.00
G00.1,1B53
G00.2,1B53
G00.3,1B54
G00.8,1D01.0Z
G00.9,1D01.0Z
G01,1D01.0Z
G02,1D01.Z
G02.0,1C8E.Z
G02.1,1D01.1
G02.8,1D01.Z
G03,8E40.Z
G03.0,8E40.Z
G03.1,8E40.Z
G03.2,1D01.3
G03.8,8E40.Z
G03.9,8E40.Z
G04,8E7Z
G04.0,8A42.Z
G04.1,8A45.00
G04.2,8E7Z
G04.8,8E7Z
G04.9,8E47
G05,8E47
G05.0,1C4Z
G05.1,1C8Z
G05.2,1H0Z
G05.8,8E47
G06,8E7Z
G06.0,1D0Z
G06.1,8E7Z
G06.2,8E7Z
G07,8E7Z
G08,8E7Z
G09,1D0Z
G10,8A01.10
G11,8A03.1Z
G11.0,8A03.0
G11.1,8A03.Z
G11.2,8A03.Z
G11.3,8A03.Z
G11.4,8B44.0Z
G11.8,8A03.Z
G11.9,8A03.Z
G12,8B61.Z
G12.0,8B61.0
G12.1,8B61.Z
G12.2,8B60.Z
G12.8,8B61.Z
G12.9,8B61.Z
G13,8D87.0Y
G13.0,8E4A.1
G13.1,8D87.0Y
G13.2,8D87.0Y
G13.8,8D87.0Y
G14,8B62
G20,8A00.0Z
G21,8A00.2Z
G21.0,8A0Y
G21.1,8A00.24
G21.2,8A00.2Y
G21.3,8A00.2Z
G21.4,8A00.23
G21.8,8A00.2Z
G21.9,8A00.2Z
G22,8A00.2Z
G23,8A00.1Y
G23.0,5C64.10
G23.1,8A00.10
G23.2,8D87.01
G23.3,8D87.00
G23.8,8A00.1Y
G23.9,8A00.1Y
G24,8A02.Z
G24.0,8A02.10
G24.1,8A02.0Z
G24.2,8A02.0Z
G24.3,8A02.0Y
G24.4,8A02.Z
G24.5,8A02.00
G24.8,8A02.Z
G24.9,8A02.0Z
G25,8A0Z
G25.0,8A04.1
G25.1,8A04.31
G25.2,8A04.Z
G25.3,8A06.Z
G25.4,8A01.Z
G25.5,8A0Z
G25.6,8A05.Z
G25.8,8A0Z
G25.9,8A0Z
G26,8A0Z
G30,8A20
G30.0,6D80.Z
G30.1,6D80.Z
G30.8,6D80.Z
G30.9,8A20
G31,8A2Z
G31.0,8E7Y
G31.1,MB21.0
G31.2,8D44.Z
G31.8,8A2Z
G31.9,8A2Z
G32,8B44.Z
G32.0,8B44.Y
G32.8,8B44.Z
G35,8A40.Z
G36,8A4Z
G36.0,8A43.Z
G36.1,8A42.0
G36.8,8A4Z
G36.9,8A4Z
G37,8A4Z
G37.0,8A40.Y
G37.1,8A46
G37.2,8A45.31
G37.3,8A41.0
G37.4,8A45.21
G37.5,8A40.Y
G37.8,8A4Z
G37.9,8A4Z
G40,8A6Z
G40.0,8A61.Z
G40.1,8A6Z
G40.2,8A61.4Z
G40.3,8A61.Z
G40.4,8A6Z
G40.5,8A60.Z
G40.6,8A68.4
G40.7,8A6Z
G40.8,8A6Z
G40.9,8A6Z
G41,8A66.Z
G41.0,8A66.0
G41.1,8A66.1Z
G41.2,8A67
G41.8,8A66.Z
G41.9,8A66.Z
G43,8A80.Z
G43.0,8A80.0
G43.1,8A80.1Z
G43.2,8A80.30
G43.3,8A80.1Z
G43.8,8A80.3Z
G43.9,8A80.Z
G44,8A81.Z
G44.0,8A81.0
G44.1,8A84.Y
G44.2,8A83
G44.3,8A84.Z
G44.4,8A81.Z
G44.8,8A84.Y
G45,8B10.Z
G45.0,8B10.Y
G45.1,8B10.Y
G45.2,8B22.Y
G45.3,8B10.0
G45.4,MB21.12
G45.8,8B10.Z
G45.9,8B10.Z
G46,8B26.Z
G46.0,8B26.2
G46.1,8B26.3
G46.2,8B26.4
G46.3,8B26.0
G46.4,8B26.1
G46.5,8B26.50
G46.6,8B26.51
G46.7,8B26.5Z
G46.8,8B26.Z
G47,7B2Z
G47.0,7A0Z
G47.1,7A21
G47.2,7A6Z
G47.3,7A4Z
G47.4,7A20.Z
G47.8,7B2Z
G47.9,7B2Z
G50,8B82.Z
G50.0,8B82.0
G50.1,8A85
G50.8,8B82.Z
G50.9,8B82.Z
G51,8B88.Z
G51.0,8B88.0
G51.1,8B88.Y
G51.2,8B88.Y
G51.3,8B88.2
G51.4,8B88.1
G51.8,8B88.Z
G51.9,8B88.Z
G52,8B8Z
G52.0,8B80
G52.1,8B87
G52.2,8B86
G52.3,8B84
G52.7,8B85
G52.8,8B8Z
G52.9,8B8Z
G53,8C0Y
G53.0,1E91.5
G53.1,8B8Y
G53.2,4B20.3
G53.3,8B8Y
G53.8,8C0Y
G54,8B9Z
G54.0,8B91.Z
G54.1,8B92.Z
G54.2,8B9Z
G54.3,8B9Z
G54.4,8B9Z
G54.5,8B91.0
G54.6,8E43.00
G54.7,8E43.00
G54.8,8B9Z
G54.9,8B9Z
G55,8B90
G55.0,8B90
G55.1,8B90
G55.2,8B90
G55.3,8B90
G55.8,8B90
G56,8C10.Z
G56.0,8C10.0
G56.1,8C10.Y
G56.2,8C10.1
G56.3,8C10.2
G56.8,8C10.Y
G56.9,8C10.Z
G57,8C11.Z
G57.0,8C11.0Z
G57.1,8C11.1
G57.2,8C11.2
G57.3,8C11.3
G57.4,8C11.4
G57.5,8C11.5
G57.6,8C11.6
G57.8,8C11.Z
G57.9,8C11.Z
G58,8C12.Y
G58.0,8C12.0
G58.7,8C12.1
G58.8,8C12.Y
G58.9,8C12.Y
G59,8C1Z
G59.0,8C12.Y
G59.8,8C1Z
G60,8C4Z
G60.0,8C20.Z
G60.1,5C57.1
G60.2,8A03.15
G60.3,8C00
G60.8,8C4Z
G60.9,8C4Z
G61,8C01.Z
G61.0,8C01.0
G61.1,8C01.Z
G61.8,8C01.Z
G61.9,8C01.Z
G62,8C03.Z
G62.0,8D43.20
G62.1,8D44.0
G62.2,8D43.2Y
G62.8,8C03.Z
G62.9,8C4Z
G63,8C03.Z
G63.0,8C03.1
G63.1,8C03.2
G63.2,8C03.0
G63.3,8C03.Y/5D2Z
G63.4,8C03.3
G63.5,8C03.4
G63.6,8C03.Y/FC0Z
G63.8,8C03.Z
G64,8C4Z
G70,8C6Z
G70.0,8C60.Z
G70.1,8C6Y
G70.2,8C61
G70.8,8C6Z
G70.9,8C6Y
G71,8C7Z
G71.0,8C70.Z
G71.1,8C71.Z
G71.2,8C72.Z
G71.3,8C73.Z
G71.8,8C7Z
G71.9,8C7Z
G72,8C8Z
G72.0,8C80
G72.1,8D44.1
G72.2,8C8Y
G72.3,8C74.1Z
G72.4,4A41.20
G72.8,4A41.2Z
G72.9,8C8Z
G73,8D0Z
G73.0,8C6Y
G73.1,8C62
G73.2,8D0Z
G73.3,8D0Z
G73.4,8D0Z
G73.5,8D0Z
G73.6,8D0Z
G73.7,8D0Z
G80,8D2Z
G80.0,8D20.10
G80.1,8D20.11
G80.2,8D20.0
G80.3,8D21
G80.4,8D22
G80.8,8D2Z
G80.9,8D2Z
G81,MB53.Z
G81.0,MB53.1
G81.1,MB53.2
G81.9,MB53.Z
G82,MB5Z
G82.0,MB56
G82.1,MB56
G82.2,MB56
G82.3,MB50.0
G82.4,MB50.1
G82.5,MB50.Z
G83,MB5Z
G83.0,MB51.Z
G83.1,MB55.Z
G83.2,MB54.Z
G83.3,MB5Z
G83.4,8B40
G83.5,8E45
G83.6,8B88.Z
G83.8,MB5Z
G83.9,MB5Z
G90,8D8Z
G90.0,8D88.Y
G90.1,8C21.1
G90.2,8D8A.1
G90.4,8D8C
G90.5,MG30.04
G90.6,MG30.04
G90.7,MG30.04
G90.8,8E4A.1
G90.9,8D8Z
G91,8D64.Z
G91.0,8D64.0Z
G91.1,8D64.1Z
G91.2,8D64.04
G91.3,8D64.Z
G91.8,8D64.Z
G91.9,8D64.Z
G92,8D43.0Z
G93,8E47
G93.0,8D68
G93.1,8B24.Z
G93.2,8D60.Z
G93.3,8E49
G93.4,8E47
G93.5,KB07
G93.6,8D60.1
G93.7,8E46
G93.8,8E47
G93.9,8E47
G94,8E4A.Z
G94.0,8D64.0Y
G94.1,8E4A.Z
G94.2,8E4A.Z
G94.3,8E47
G94.8,8E47
G95,8E7Z
G95.0,8D66.Z
G95.1,8E7Z
G95.2,8B42
G95.8,8E7Z
G95.9,8B4Z
G96,8E7Z
G96.0,8D65
G96.1,8E7Z
G96.8,8E7Z
G96.9,8E7Z
G97,8E66
G97.0,8D65
G97.1,8A84.Y
G97.2,8E60
G97.8,8E66
G97.9,8E66
G98,8E7Z
G99,8E7Z
G99.0,8D88.4
G99.1,8E7Z
G99.2,8E7Z
G99.8,8E7Z
H00,9A0Z
H00.0,9A01.2Z
H00.1,9A02.0Z
H01,9A02.Z
H01.0,9A01.3
H01.1,9A06.Y
H01.8,9A02.Z
H01.9,9A02.Z
H02,9A4Z
H02.0,9A4Z
H02.1,9A03.2Z
H02.2,9A03.4Z
H02.3,9A06.8
H02.4,9A03.0Z
H02.5,9A06.Y
H02.6,9A06.4
H02.7,9A06.Y
H02.8,9A04.Z
H02.9,MC1B
H03,9A0Z
H03.0,9A01.4
H03.1,9A0Z
H03.8,9A0Z
H04,9A1Z
H04.0,9A1Z
H04.1,9A1Z
H04.2,MC13
H04.3,9A1Z
H04.4,9A1Z
H04.5,9A11.Z
H04.6,9A1Z
H04.8,9A1Z
H04.9,9A1Z
H05,9A2Z
H05.0,9A22.Z
H05.1,9A22.Z
H05.2,9A20.00
H05.3,9A2Z
H05.4,9A20.Z
H05.5,NA06.2&XA4MZ4
H05.8,9A2Z
H05.9,9A2Z
H06,9A4Z
H06.0,9A1Z
H06.1,9A81
H06.2,5A02.0
H06.3,9A2Z
H10,9A60.Z
H10.0,9A60.3Z
H10.1,9A60.0Z
H10.2,9A60.Z
H10.3,9A60.Z
H10.4,9A60.Z
H10.5,9A60.4
H10.8,9A60.Z
H10.9,9A60.Z
H11,9A61.Z
H11.0,9A61.1
H11.1,9A61.6
H11.2,9A61.3
H11.3,9A61.5
H11.4,9A61.4Z
H11.8,9A61.Z
H11.9,9A61.Z
H13,9A6Y
H13.0,9A6Y
H13.1,9A60.Y
H13.2,9A6Y
H13.3,9A62
H13.8,9A6Y
H15,9B5Z
H15.0,9B51
H15.1,9B50
H15.8,9B52
H15.9,9B5Z
H16,9A7Z
H16.0,9A76
H16.1,9A7Y
H16.2,9A7Y
H16.3,9A7Z
H16.4,9A78.0
H16.8,9A7Z
H16.9,9A7Y
H17,9A77.Z
H17.0,9A77.1
H17.1,9A77.Z
H17.8,9A77.Z
H17.9,9A77.Z
H18,9A78.8
H18.0,9A78.1
H18.1,9A78.20
H18.2,9A78.2Z
H18.3,9A78.3
H18.4,9A78.4
H18.5,9A70.Z
H18.6,9A78.50
H18.7,9A78.5Z
H18.8,9A78.8
H18.9,9A7Z
H19,9A7Z
H19.0,9A7Z
H19.1,1F00.10
H19.2,9A71
H19.3,9A7Z
H19.8,MC20.0
H20,9A96.Z
H20.0,9A96.Z
H20.1,9A96.Y
H20.2,9A96.Y
H20.8,9A96.Z
H20.9,9A96.Z
H21,9B3Z
H21.0,9A80
H21.1,9A8Z
H21.2,9A90.Z
H21.3,9A91
H21.4,9A92
H21.5,9A93
H21.8,9A94.Y
H21.9,9A8Z
H22,9A94.Y
H22.0,9A94.Y
H22.1,9A96.Z
H22.8,9A94.Y
H25,9B10.0Z
H25.0,9B10.0Z
H25.1,9B10.0Y
H25.2,9B10.0Y
H25.8,9B10.0Z
H25.9,9B10.0Z
H26,9B10.2Y
H26.0,9B10.1Z
H26.1,9B10.20
H26.2,9B10.2Y
H26.3,9B10.2Y
H26.4,9B10.22
H26.8,9B10.2Y
H26.9,9B10.Z
H27,9B11.Y
H27.0,9B11.0
H27.1,9B11.1
H27.8,9B11.Y
H27.9,9B11.Y
H28,9B10.2Y
H28.0,9B10.21
H28.1,9B10.2Y
H28.2,9B10.2Y
H28.8,9B11.Y
H30,9B65.Z
H30.0,9B65.Z
H30.1,9B65.Z
H30.2,9B65.Z
H30.8,9B65.Z
H30.9,9B65.Z
H31,9B6Z
H31.0,9B62
H31.1,9B60
H31.2,9B61
H31.3,9B63
H31.4,9B64
H31.8,9B6Z
H31.9,9B6Z
H32,9C0Z
H32.0,9C0Z
H32.8,9C0Z
H33,9B73.Z
H33.0,9B73.0
H33.1,9B73.2
H33.2,9B73.3
H33.3,9B73.4
H33.4,9B73.Y
H33.5,9B73.Z
H34,9B74.Z
H34.0,9B74.0
H34.1,9B74.0
H34.2,9B74.0
H34.8,9B74.Z
H34.9,9B74.Z
H35,9B78.4
H35.0,9B78.1Z
H35.1,9B71.3
H35.2,9B78.2
H35.3,9B78.3Z
H35.4,9B78.4
H35.5,9B70
H35.6,9B78.5
H35.7,9B78.6Z
H35.8,9B78.4
H35.9,9B78.4
H36,9B78.4
H36.0,9B71.0Z
H36.8,9B78.4
H40,9C6Z
H40.0,9C60
H40.1,9C61.0Z
H40.2,9C61.1Z
H40.3,9C61.29
H40.4,9C61.24
H40.5,9C61.2Z
H40.6,9C61.2Z
H40.8,9C61.Z
H40.9,9C61.Z
H42,9C61.Z
H42.0,9C61.Z
H42.8,9C61.Z
H43,9B8Z
H43.0,9B82
H43.1,9B83
H43.2,9B8Y
H43.3,9B84
H43.8,9B8Z
H43.9,9B8Z
H44,9C2Z
H44.0,9C20.2
H44.1,9C21.Z
H44.2,9B76
H44.3,9E1Z
H44.4,9A83
H44.5,9E1Z
H44.6,NA06.8Z
H44.7,NA06.8Z
H44.8,9E1Z
H44.9,9E1Z
H45,9B8Z
H45.0,9B83
H45.1,9C21.Z
H45.8,9B8Z
H46,9C40.1Y
H47,9C4Z
H47.0,9C40.Z
H47.1,9C40.A0
H47.2,9C40.BZ
H47.3,9C40.AZ
H47.4,9C41
H47.5,9C42
H47.6,9C43
H47.7,9C4Z
H48,9C4Z
H48.0,9C40.BZ
H48.1,9C40.10
H48.8,9C4Z
H49,9C81.Z
H49.0,9C81.0Z
H49.1,9C81.1
H49.2,9C81.2
H49.3,9C81.3
H49.4,9C82.0
H49.8,9C81.Z
H49.9,9C81.Z
H50,9C8Y
H50.0,9C80.0
H50.1,9C80.1
H50.2,9C80.2
H50.3,9C80.3Z
H50.4,9C8Y
H50.5,9C80.4
H50.6,9C80.5
H50.8,9C8Y
H50.9,9C8Y
H51,9C83.Z
H51.0,9C83.0Z
H51.1,9C83.Z
H51.2,9C83.5
H51.8,9C83.Z
H51.9,9C83.Z
H52,9D0Z
H52.0,9D00.1
H52.1,9D00.0
H52.2,9D00.2
H52.3,9D00.Z
H52.4,9D00.3
H52.5,9D01.Z
H52.6,9D00.Z
H52.7,9D00.Z
H53,9D7Z
H53.0,9D46
H53.1,9D5Z
H53.2,9D46
H53.3,9D46
H53.4,9D42.Z
H53.5,9D44
H53.6,9D45
H53.8,9D7Z
H53.9,9D7Z
H54,9D90.7
H54.0,9D90.7
H54.1,9D90.3
H54.2,9D90.2
H54.3,QA00.62
H54.4,9D90.7
H54.5,9D90.7
H54.6,9D90.7
H54.9,9D90.7
H55,9E1Z
H57,9E1Z
H57.0,LA11.62
H57.1,MC18
H57.8,9E1Z
H57.9,9E1Z
H58,9E1Z
H58.0,9E1Z
H58.1,9E1Z
H58.8,9E1Y
H59,9D25
H59.0,9D20
H59.8,9D25
H59.9,9D25
H60,AA3Z
H60.0,AA00
H60.1,AA01
H60.2,AA02
H60.3,AA0Y&XN74M
H60.4,AA40.2
H60.5,AA11
H60.8,AA13
H60.9,AA3Z
H61,AA6Z
H61.0,AA04
H61.1,AA41.Z
H61.2,AA42
H61.3,AA40.1
H61.8,AA6Z
H61.9,AA6Z
H62,AA3Y
H62.0,AA3Y
H62.1,AA3Y
H62.2,AA3Y
H62.3,AA3Y
H62.4,AA3Y
H62.8,AA3Y
H65,AA8Z
H65.0,AA80
H65.1,AA81
H65.2,AA82
H65.3,AA82
H65.4,AA8Z
H65.9,AA8Z
H66,AA9Z
H66.0,AA90
H66.1,AA91.0
H66.2,AA91.1
H66.3,AA91.2
H66.4,AA9Z
H66.9,AB0Z
H67,AB0Y
H67.0,AB0Z
H67.1,AB0Z
H67.8,AB0Z
H68,AB10.Z
H68.0,AB10.2
H68.1,AB10.3
H69,AB10.Z
H69.0,AB10.1
H69.8,AB10.Z
H69.9,AB10.Z
H70,AB11.Y
H70.0,AB11.0
H70.1,AB11.1
H70.2,AB11.2
H70.8,AB11.Y
H70.9,AB11.Y
H71,AB12
H72,AB13.Z
H72.0,AB13.0
H72.1,AB13.1
H72.2,AB13.Z
H72.8,AB13.Z
H72.9,AB13.Z
H73,AB1Z&XA08X4
H73.0,AB14
H73.1,AB15
H73.8,AB1Z&XA08X4
H73.9,AB1Z&XA08X4
H74,AB1Z
H74.0,AB16
H74.1,AB17
H74.2,AB18
H74.3,AB19
H74.4,AB1A.Z
H74.8,AB1Z
H74.9,AB1Z
H75,AB1Z
H75.0,AB1Z
H75.8,AB1Z
H80,AB33
H80.0,AB33
H80.1,AB33
H80.2,AB33
H80.8,AB33
H80.9,AB33
H81,AB34.Z
H81.0,AB31.0
H81.1,AB31.2
H81.2,AB30.0
H81.3,AB34.1
H81.4,MB48.00
H81.8,AB34.Z
H81.9,AB34.Z
H82,AB34.Z
H83,AB3Z
H83.0,AB30.1
H83.1,AB35
H83.2,AB36
H83.3,AB37
H83.8,AB3Z
H83.9,AB3Z
H90,AB51.Z
H90.0,AB51.0
H90.1,AB5Z
H90.2,AB51.Z
H90.3,AB51.1
H90.4,AB51.1
H90.5,AB51.Z
H90.6,AB51.2
H90.7,AB51.Z
H90.8,AB51.Z
H91,AB5Z
H91.0,AB53
H91.1,AB54
H91.2,AB55
H91.3,AB5Y
H91.8,AB5Z
H91.9,AB5Z
H92,AB70.2
H92.0,AB70.2
H92.1,AB70.0
H92.2,AB70.1
H93,AB7Y
H93.0,AB71
H93.1,MC41
H93.2,AB7Y
H93.3,AB72.Z
H93.8,AB7Y
H93.9,AB7Y
H94,AC0Z
H94.0,AB72.0
H94.8,AC0Z
H95,AB93
H95.0,AB90
H95.1,AB91
H95.8,AB93
H95.9,AB93
I00,1B40.Z
I01,1B41.Z
I01.0,1B41.0
I01.1,1B41.1Z
I01.2,1B41.2
I01.8,1B41.Z
I01.9,1B41.Z
I02,1B42
I02.0,1B42
I02.9,1B42
I05,BB6Z
I05.0,BB60.0
I05.1,BB61.0
I05.2,BB63.0
I05.8,BB6Z
I05.9,BB6Z
I06,BB7Z
I06.0,BB70.0
I06.1,BB71.0
I06.2,BB72.0
I06.8,BB7Z
I06.9,BB7Z
I07,BB8Z
I07.0,BB80.0
I07.1,BB81.0
I07.2,BB82.0
I07.8,BB8Z
I07.9,BB8Z
I08,BC00
I08.0,BC00/BB7Z&XA19J4
I08.1,BC00
I08.2,BC00
I08.3,BC00
I08.8,BC00
I08.9,BC00
I09,BC20.Z
I09.0,BC42.3
I09.1,BC20.0
I09.2,BB21
I09.8,BC20.Z
I09.9,BC20.Z
I10,BA00.Z
I11,BA01
I11.0,BA01/BD1Z
I11.9,BA01
I12,BA02
I12.0,BA02/GB6Z
I12.9,BA02
I13,BA04
I13.0,BA04
I13.1,BA04
I13.2,BA04
I13.9,BA04
I15,BA04.Z
I15.0,BA04.Y
I15.1,BA04.Y
I15.2,BA04.Y
I15.8,BA04.Z
I15.9,BA04.Z
I20,BA40.Z
I20.0,BA40.0
I20.1,BA85.Z
I20.8,BA40.Z
I20.9,BA40.Z
I21,BA41.Z
I21.0,BA41.Z
I21.1,BA41.Z
I21.2,BA41.Z
I21.3,BA41.Z
I21.4,BA41.Z
I21.9,BA41.Z
I22,BA42.Z
I22.0,BA42.Z
I22.1,BA42.Z
I22.8,BA42.Z
I22.9,BA42.Z
I23,BA60.Z
I23.0,BB24
I23.1,BC40.0
I23.2,BA60.3
I23.3,BA60.4
I23.4,BA60.6
I23.5,BA60.6
I23.6,BA60.7
I23.8,BA60.Z
I24,BA4Z
I24.0,BA43
I24.1,BA60.0
I24.8,BA4Z
I24.9,BA4Z
I25,BA5Z
I25.0,BA5Z
I25.1,BA52.Z
I25.2,BA50
I25.3,BA5Y
I25.4,BA5Z
I25.5,BA51.Z
I25.6,BA4Z
I25.8,BA5Z
I25.9,BA5Z
I26,BB00.Z
I26.0,BB00.Z
I26.9,BB00.Z
I27,BB0Z
I27.0,BB01.Z
I27.1,BE2Y
I27.2,BB0Z
I27.8,BB0Z
I27.9,BB0Z
I28,BB02.3
I28.0,BB02.0
I28.1,BB02.1Z
I28.8,BB02.3
I28.9,BB02.3
I30,BB20.Z
I30.0,BB20.Y
I30.1,BB20.0
I30.8,BB20.Z
I30.9,BB20.Z
I31,BB2Z
I31.0,BB2Y
I31.1,BB22
I31.2,BB24
I31.3,BB25
I31.8,BB2Z
I31.9,BB2Z
I32,BB20.Y
I32.0,BB20.Y
I32.1,BB20.Y
I32.8,BB20.Y
I33,BB4Z
I33.0,BB40
I33.9,BB4Z
I34,BB6Z
I34.0,BB61.Z
I34.1,BB62.Z
I34.2,BB60.1
I34.8,BB6Z
I34.9,BB6Z
I35,BB7Z
I35.0,BB70.Z
I35.1,BB71.Z
I35.2,BB72.Z
I35.8,BB7Z
I35.9,BB7Z
I36,BB8Z
I36.0,BB80.Z
I36.1,BB81.Z
I36.2,BB82.Z
I36.8,BB8Z
I36.9,BB8Z
I37,BB9Z
I37.0,BB90.Z
I37.1,BB91.Z
I37.2,BB92.Z
I37.8,BB9Z
I37.9,BB9Z
I38,BC0Z
I39,BC0Z
I39.0,BB6Z
I39.1,BB7Z
I39.2,BB8Z
I39.3,BB9Z
I39.4,BC00
I39.8,BC0Z
I40,BC42.Z
I40.0,BC42.1
I40.1,BC42.Z
I40.8,BC42.Z
I40.9,BC42.Z
I41,BC42.Z
I41.0,BC42.Z
I41.1,BC42.Z
I41.2,BC42.Z
I41.8,BC42.Z
I42,BC43.Z
I42.0,BC43.0Z
I42.1,BC43.12
I42.2,BC43.1Z
I42.3,BC43.20
I42.4,BC43.3
I42.5,BC43.Z
I42.6,BC43.01
I42.7,BC43.4
I42.8,BC43.Y
I42.9,BC43.Z
I43,BC43.Z
I43.0,BC43.Z
I43.1,BC43.Z
I43.2,BC43.Y
I43.8,BC43.Z
I44,BC63.Z
I44.0,BC63.0
I44.1,BC63.1Z
I44.2,BC63.2Z
I44.3,BC63.Z
I44.4,BC63.40
I44.5,BC63.41
I44.6,BC63.Z
I44.7,BC63.4Z
I45,BC63.Z
I45.0,BC63.3
I45.1,BC63.3
I45.2,BC63.Z
I45.3,BC63.Z
I45.4,BC63.5
I45.5,BC63.Z
I45.6,BC63.Z
I45.8,BC63.Z
I45.9,BC63.Z
I46,MC82.Z
I46.0,MC82.Z
I46.1,MC82.Z
I46.9,MC82.Z
I47,MC81.3
I47.0,BC71.2
I47.1,BC81.Z
I47.2,BC71.0Z
I47.9,MC81.3
I48,BC81.Z
I48.0,BC81.30
I48.1,BC81.31
I48.2,BC81.32
I48.3,BC81.20
I48.4,BC81.20
I48.9,BC81.Z
I49,BE2Y
I49.0,BC71.1
I49.1,BC60
I49.2,BC61
I49.3,BC70
I49.4,BE2Y
I49.5,BC80.20
I49.8,BE2Y
I49.9,BE2Y
I50,BD1Z
I50.0,BD10
I50.1,BD11.Z
I50.9,BD1Z
I51,BC4Z
I51.0,BC4Z
I51.1,BC0Z
I51.2,BC0Z
I51.3,BC46
I51.4,BC42.Z
I51.5,BC4Z
I51.6,BC4Z
I51.7,BC45
I51.8,BC4Z
I51.9,BC4Z
I52,BE2Y
I52.0,BE2Y
I52.1,BE2Y
I52.8,BE2Y
I60,8B01.2
I60.0,8B01.0
I60.1,8B01.0
I60.2,8B01.0
I60.3,8B01.0
I60.4,8B01.0
I60.5,8B01.0
I60.6,8B01.0
I60.7,8B01.0
I60.8,8B01.2
I60.9,8B01.2
I61,8B00.Z
I61.0,8B00.0
I61.1,8B00.1
I61.2,8B00.Z
I61.3,8B00.2
I61.4,8B00.3
I61.5,8B00.4
I61.6,8B00.5
I61.8,8B00.Z
I61.9,8B00.Z
I62,8B0Z
I62.0,8B02
I62.1,8B03
I62.9,8B0Z
I63,8B11.3
I63.0,8B11.0
I63.1,8B11.2Z
I63.2,8B11.50
I63.3,8B11.1
I63.4,8B11.2Z
I63.5,8B11.51
I63.6,8B11.3
I63.8,8B11.3
I63.9,8B11.3
I64,8B20
I65,BD55
I65.0,BD55
I65.1,BD55&XA2K99
I65.2,BD55
I65.3,BD55
I65.8,BD55
I65.9,BD55
I66,8B2Z
I66.0,BD55&XA2JH8
I66.1,BD55&XA1VB0
I66.2,BD55&XA7C50
I66.3,BD55
I66.4,8B2Z
I66.8,8B2Z
I66.9,8B2Z
I67,8B22.Y
I67.0,8B22.0
I67.1,8B22.5
I67.2,BD55
I67.3,8B22.Y
I67.4,8B22.8
I67.5,8B22.B
I67.6,8B22.1
I67.7,8B22.Y
I67.8,8B22.Y
I67.9,8B2Z
I68,8B23
I68.0,8B23
I68.1,8B22.7Y
I68.2,8B23
I68.8,8B23
I69,8B25.Z
I69.0,8B25.2
I69.1,8B25.1
I69.2,8B25.3
I69.3,8B25.0
I69.4,8B25.4
I69.8,8B25.Z
I70,BD40.Z
I70.0,BD40.1
I70.1,BD40.2
I70.2,BD40.Z
I70.8,BD40.Y
I70.9,BD40.Z
I71,BD50.Z
I71.0,BD50.Z
I71.1,BD50.31
I71.2,BD50.Z
I71.3,BD50.41
I71.4,BD50.4Z
I71.5,BD50.51
I71.6,BD50.Z
I71.8,BD50.Z
I71.9,BD50.Z
I72,BD51.Z
I72.0,BD51.0
I72.1,BD51.3
I72.2,BD51.4
I72.3,BD51.5
I72.4,BD51.6
I72.5,BD51.2
I72.6,BD51.1
I72.8,BD51.Z
I72.9,BD51.Z
I73,BD5Z
I73.0,BD42.Z
I73.1,4A44.8
I73.8,BD5Z
I73.9,BD4Z
I74,BD5Z
I74.0,BD30.10
I74.1,BD5Z
I74.2,BD30.00
I74.3,BD30.20
I74.4,BD5Z
I74.5,BD5Z
I74.8,BD5Z
I74.9,BD5Z
I77,BD52.7
I77.0,BD52.1
I77.1,BD52.2
I77.2,BD52.3
I77.3,BD41.0
I77.4,BD52.5
I77.5,BD52.4
I77.6,4A44.Y
I77.8,BD52.7
I77.9,BD52.7
I78,BD5Z
I78.0,LA90.00
I78.1,BD5Z
I78.8,BD5Z
I78.9,BD5Z
I79,BD53.Z
I79.0,BD53.Y&XA6Y34
I79.1,BD53.Y&XA6Y34
I79.2,BD53.Y
I79.8,BD53.Z
I80,BD7Z
I80.0,BD70.0
I80.1,BD70.0
I80.2,BD7Z
I80.3,BD70.0
I80.8,BD70.Z
I80.9,BD70.Z
I81,DB98.3
I82,BD7Z
I82.0,DB98.5
I82.1,BD70.2
I82.2,BD72&XA60H0
I82.3,BD72
I82.8,BD72
I82.9,BD72
I83,BD74.1Z
I83.0,BD74.1Z
I83.1,BD74.1Z
I83.2,BD74.Z
I83.9,BD74.1Z
I85,DA26.0Z
I85.0,DA26.00
I85.9,DA26.01
I86,BD75.Z
I86.0,BD75.0
I86.1,BD75.1
I86.2,BD75.3
I86.3,BD75.2
I86.4,DA43.0
I86.8,BD75.Z
I87,BD7Z
I87.0,BD74.Z
I87.1,BD7Z
I87.2,BD74.Z
I87.8,BD7Z
I87.9,BD7Z
I88,BD90.Z
I88.0,BD90.1
I88.1,BD90.2Z
I88.8,BD90.Z
I88.9,BD90.Z
I89,BD9Z
I89.0,BD93.Z
I89.1,BD91
I89.8,BD9Z
I89.9,BD9Z
I95,BA2Z
I95.0,BA20
I95.1,BA21
I95.2,BA2Y
I95.8,BA2Z
I95.9,BA2Z
I97,BE1F
I97.0,BE10
I97.1,BE11
I97.2,BE1B.0
I97.8,BE14.B
I97.9,BE1F
I98,BE2Y
I98.0,BE2Y
I98.1,BE2Y
I98.2,DA26.01
I98.3,DA26.00/DB96.0
I98.8,BE2Y
I99,BE2Z
J00,CA00
J01,CA01
J01.0,CA01&XA1R64
J01.1,CA01&XA91G8
J01.2,CA01&XA58F6
J01.3,CA01&XA4U67
J01.4,CA01
J01.8,CA01
J01.9,CA01
J02,CA02.Z
J02.0,1B51
J02.8,CA02.0
J02.9,CA02.Z
J03,CA03.Z
J03.0,CA03.0
J03.8,CA03.Y
J03.9,CA03.Z
J04,CA05.0
J04.0,CA05.0
J04.1,CA05.1
J04.2,CA05.2
J05,CA06.Z
J05.0,CA06.0
J05.1,CA06.1
J06,CA07.0
J06.0,CA04
J06.8,CA07.1
J06.9,CA07.0
J09,1E31
J10,1E30
J10.0,1E30
J10.1,1E30
J10.8,1E30
J11,1E32
J11.0,1E32
J11.1,1E32
J11.8,1E32
J12,CA40.1Z
J12.0,CA40.10
J12.1,CA40.11
J12.2,CA40.12
J12.3,CA40.13
J12.8,CA40.1Z
J12.9,CA40.1Z
J13,CA40.07
J14,CA40.02
J15,CA40.0Z
J15.0,CA40.03
J15.1,CA40.05
J15.2,CA40.06
J15.3,CA40.08
J15.4,CA40.0Y
J15.5,CA40.01
J15.6,CA40.0Y
J15.7,CA40.04
J15.8,CA40.0Z
J15.9,CA40.0Z
J16,CA40.Z
J16.0,CA40.00
J16.8,CA40.Z
J17,CA40.Z
J17.0,CA40.0Z
J17.1,CA40.Z
J17.2,CA40.2Z
J17.3,CA40.Y
J17.8,CA40.Z
J18,CA40.Z
J18.0,CA40.Z
J18.1,CA40.Z
J18.2,CA40.Z
J18.8,CA40.Z
J18.9,CA40.Z
J20,CA42.Z
J20.0,CA42.Y&XN4NV
J20.1,CA42.4
J20.2,CA42.0
J20.3,CA42.5
J20.4,CA42.3
J20.5,CA42.2
J20.6,CA42.1
J20.7,CA42.Y&XN2TU
J20.8,CA42.Z
J20.9,CA42.Z
J21,CA41.Z
J21.0,CA41.0
J21.1,CA41.Y&XN513
J21.8,CA41.Z
J21.9,CA41.Z
J22,CA4Z
J30,CA08.3
J30.0,CA08.3
J30.1,CA08.00
J30.2,CA08.01
J30.3,CA08.03
J30.4,CA08.0Z
J31,CA09.0
J31.0,CA09.0
J31.1,CA09.1
J31.2,CA09.2
J32,CA0A.Z
J32.0,CA0A.Y&XA1R64
J32.1,CA0A.Y&XA91G8
J32.2,CA0A.Y&XA58F6
J32.3,CA0A.Y&XA4U67
J32.4,CA0A.Y
J32.8,CA0A.Z
J32.9,CA0A.Z
J33,CA0J.Z
J33.0,CA0J.Y&XA43C9
J33.1,CA0J.0
J33.8,CA0J.Y
J33.9,CA0J.Z
J34,CA0Z
J34.0,CA0K.Z
J34.1,CA0C
J34.2,CA0D
J34.3,CA0E
J34.8,CA0Z
J35,CA0F.Z
J35.0,CA0F.Y
J35.1,CA0F.0
J35.2,CA0F.1
J35.3,CA0F.3
J35.8,CA0F.Z
J35.9,CA0F.Z
J36,CA0K.1
J37,CA0G
J37.0,CA0G
J37.1,CA0G
J38,CA0H.Z
J38.0,CA0H.0
J38.1,CA0H.1
J38.2,CA0H.2
J38.3,CA0H.Y&XA3299
J38.4,CA0H.3
J38.5,CA0H.4
J38.6,CA0H.5
J38.7,CA0H.Y
J39,CA0Y
J39.0,CA0K.0
J39.1,CA0K.0
J39.2,CA0Y
J39.3,4A80.Z
J39.8,CA0Y
J39.9,CA0Y
J40,CA20.Z
J41,CA20.1Z
J41.0,CA20.10
J41.1,CA20.11
J41.8,CA20.12
J42,CA20.1Z
J43,CA21.Z
J43.0,CA21.0
J43.1,CA21.1
J43.2,CA21.2
J43.8,CA21.Z
J43.9,CA21.Z
J44,CA22.Z
J44.0,CA22.1
J44.1,CA22.0
J44.8,CA22.Z
J44.9,CA22.Z
J45,CA23.32
J45.0,CA23.02
J45.1,CA23.12
J45.8,CA23.32
J45.9,CA23.32
J46,CA23.32
J47,CA24
J60,CA60.1
J61,CA60.2
J62,CA60.0Z
J62.0,CA60.00
J62.8,CA60.0Y
J63,CA60.Z
J63.0,CA60.4
J63.1,CA60.5
J63.2,CA60.6
J63.3,CA60.7
J63.4,CA60.8
J63.5,CA60.9
J63.8,CA60.Z
J64,CA8Z
J65,CA60.3
J66,CA80.Z
J66.0,CA80.0
J66.1,CA80.1
J66.2,CA80.2
J66.8,CA80.Z
J67,CA70.Z
J67.0,CA70.0
J67.1,CA70.1
J67.2,CA70.2
J67.3,CA70.3
J67.4,CA70.4
J67.5,CA70.5
J67.6,CA70.6
J67.7,CA70.7
J67.8,CA70.Z
J67.9,CA70.Z
J68,CA81.Z
J68.0,CA81.0
J68.1,CA81.1
J68.2,CA81.2
J68.3,CA81.Y
J68.4,CA81.Y
J68.8,CA81.Z
J68.9,CA81.Z
J69,CA71.Z
J69.0,CA71.0
J69.1,CA71.1
J69.8,CA71.Z
J70,CA82.Z
J70.0,CA82.0
J70.1,CA82.1
J70.2,CA82.2
J70.3,CA82.3
J70.4,CA82.Z
J70.8,CA82.Z
J70.9,CA82.Z
J80,CB00
J81,CB01
J82,CB02.Z
J84,CB0Z
J84.0,CB0Z
J84.1,CB0Z
J84.8,CB0Z
J84.9,CB0Z
J85,CA43.Z
J85.0,CA43.0
J85.1,CA43.1
J85.2,CA43.2
J85.3,CA43.3
J86,CA44
J86.0,CA44
J86.9,CA44
J90,CB27
J91,CB27
J92,CB20
J92.0,CB20
J92.9,CB20
J93,CB21.Z
J93.0,CB21.0
J93.1,CB21.1
J93.8,CB21.Z
J93.9,CB21.Z
J94,CB2Z
J94.0,CB24
J94.1,CB25
J94.2,CB26
J94.8,CB2Z
J94.9,CB2Z
J95,CB64
J95.0,CB60
J95.1,CB41.0Z
J95.2,CB41.0Z
J95.3,CB61
J95.4,CA72
J95.5,CB62
J95.8,CB64
J95.9,CB64
J96,CB41.2
J96.0,CB41.0Z
J96.1,CB41.1Z
J96.9,CB41.2Z
J98,CB40.Y
J98.0,CB40.Y
J98.1,CB40.2
J98.2,CB40.3
J98.3,CB40.4
J98.4,CB40.Y
J98.5,CB22.Z
J98.6,CB23
J98.7,CA45
J98.8,CB40.Y
J98.9,CB7Z
J99,CB40.Y
J99.0,CB05.1/FA20.Z
J99.1,CB40.Y
J99.8,CB40.Y
K00,DA07.Z
K00.0,LA30.0
K00.1,LA30.3
K00.2,LA30.4
K00.3,DA07.0
K00.4,DA07.3
K00.5,LA30.Z
K00.6,DA07.6Z
K00.7,DA07.60
K00.8,DA07.Z
K00.9,DA07.Z
K01,DA07.Z
K01.0,DA07.7
K01.1,DA07.8
K02,DA08.0
K02.0,DA08.0&XA5R09
K02.1,DA08.0&XA6FX3
K02.2,DA08.0&XA4KC7
K02.3,DA08.0
K02.4,DA08.0
K02.5,DA08.0&XA5B71
K02.8,DA08.0
K02.9,DA08.0
K03,DA08.11
K03.0,DA08.10
K03.1,DA08.11
K03.2,DA08.12
K03.3,DA08.14
K03.4,DA07.5
K03.5,DA07.61
K03.6,DA08.4
K03.7,DA08.15
K03.8,DA08.11
K03.9,DA08.11
K04,DA09.Z
K04.0,DA09.0
K04.1,DA09.1
K04.2,DA09.4
K04.3,DA09.5
K04.4,DA09.70
K04.5,DA09.71
K04.6,DA09.61
K04.7,DA09.62
K04.8,DA09.8
K04.9,DA09.Z
K05,DA0Z
K05.0,DA0B.Y
K05.1,DA0Z
K05.2,DA0C.0
K05.3,DA0C.Y
K05.4,DA0C.2
K05.5,DA0C.Y
K05.6,DA0C.Z
K06,DA0D.Y
K06.0,DA0D.0
K06.1,DA0D.1
K06.2,DA0D.2
K06.8,DA0D.Y
K06.9,DA0D.Y
K07,DA0E.Z
K07.0,DA0E.0Z
K07.1,DA0E.1
K07.2,DA0E.2
K07.3,DA0E.3
K07.4,DA0E.5Z
K07.5,DA0E.6
K07.6,DA0E.8
K07.8,DA0E.Z
K07.9,DA0E.Z
K08,DA0A.Z
K08.0,DA0A.0
K08.1,DA0A.1
K08.2,DA0A.2
K08.3,DA0A.3
K08.8,DA0A.Z
K08.9,DA0Z
K09,DA05.Z
K09.0,DA05.0
K09.1,DA05.1
K09.2,DA05.Y&XA88P5
K09.8,DA05.Z
K09.9,DA05.Z
K10,DA06.Z
K10.0,DA0E.Z
K10.1,DA01.20
K10.2,DA06.0
K10.3,DA06.1
K10.8,DA06.Z
K10.9,DA06.Z
K11,DA04.Z
K11.0,DA04.0
K11.1,DA04.1
K11.2,DA04.2
K11.3,DA04.3
K11.4,DA04.Y
K11.5,DA04.4
K11.6,DA04.5
K11.7,DA04.6
K11.8,DA04.Z
K11.9,DA04.Z
K12,DA01.Z
K12.0,DA01.10
K12.1,DA01.Z
K12.2,DA01.30
K12.3,DA01.Z
K13,DA02.3
K13.0,DA00.Z
K13.1,6B25.Y
K13.2,DA02.3
K13.3,DA01.01
K13.4,DA01.2Z
K13.5,DA02.2
K13.6,DA01.4Z
K13.7,DA01.Z
K14,DA03.Z
K14.0,DA03.0
K14.1,DA03.1
K14.2,DA03.3
K14.3,DA03.4
K14.4,DA03.2
K14.5,DA03.Z
K14.6,DA0F.0
K14.8,DA03.Z
K14.9,DA03.Z
K20,DA24.Z
K21,DA22.Z
K21.0,DA22.Z
K21.9,DA22.Z
K22,DA2Y
K22.0,DA21.0
K22.1,DA25.Z
K22.2,DA20.0
K22.3,DA20.3Z
K22.4,DA21.Z
K22.5,DA20.1
K22.6,DA26.3
K22.7,DA23.Z
K22.8,DA2Y
K22.9,DA2Z
K23,DA2Y
K23.0,1B12.7/DA24.0Y
K23.1,1F53.3&XA0828/DA21.Y
K23.8,DA2Y
K25,DA60.Z
K26,DA63.Z
K27,DA61
K28,DA62.Z
K29,DA7Z
K29.0,DA42.72
K29.1,DA42.Z
K29.2,DA42.80
K29.3,DA42.71
K29.4,DA42.73
K29.5,DA42.Z
K29.6,DA42.Z
K29.7,DA42.Z
K29.8,DA51.Z
K29.9,DA51.Z
K30,DD90.3
K31,DA7Z
K31.0,DA41.1
K31.1,DA40.0
K31.2,DA40.4
K31.3,DA41.Y
K31.4,DA40.3
K31.5,DA50.0
K31.6,DA7Z
K31.7,DA7Z
K31.8,DA7Z
K31.9,DA7Z
K35,DB10.02
K35.2,DB10.00
K35.3,DB10.01
K35.8,DB10.Z
K36,DB10.Z
K37,DB10.Z
K38,DB11.6
K38.0,DB11.1
K38.1,DB11.2
K38.2,DB11.3
K38.3,DB11.4
K38.8,DB11.6
K38.9,DB1Z
K40,DD51
K40.0,DD51&XK9J/ME24.2
K40.1,DD51&XK9J/ME24.8
K40.2,DD51&XK9J
K40.3,DD51/ME24.2
K40.4,DD51/ME24.8
K40.9,DD51
K41,DD52
K41.0,DD52&XK9J/ME24.2
K41.1,DD52&XK9J/ME24.8&XT44
K41.2,DD52&XK9J
K41.3,DD52/ME24.2
K41.4,DD52/ME24.8
K41.9,DD52
K42,DD53
K42.0,DD53/ME24.2
K42.1,DD53/ME24.8
K42.9,DD53
K43,DD5Z
K43.0,DD56/ME24.2
K43.1,DD56/ME24.8
K43.2,DD56
K43.3,DD57/ME24.2
K43.4,DD57/ME24.8
K43.5,DD57
K43.6,DD5Z
K43.7,DD5Z
K43.9,DD5Z&XA3KX0
K44,DD50.0
K44.0,DD50.0/ME24.2
K44.1,DD50.0/ME24.8
K44.9,DD50.0
K45,DD5Z
K45.0,DD5Y&XA3KX0
K45.1,DD5Z
K45.8,DD5Z
K46,DD5Z
K46.0,DD5Z
K46.1,DD5Z
K46.9,DD5Z
K50,DD70.Z
K50.0,DD70.1
K50.1,DD70.3
K50.8,DD70.Z
K50.9,DD70.Z
K51,DD71.Z
K51.0,DD71.0
K51.2,DD71.3
K51.3,DD71.2
K51.4,DB35.Z
K51.5,DD71.1
K51.8,DD71.Z
K51.9,DD71.Z
K52,DE2Z
K52.0,DE2Z
K52.1,DA7Z
K52.2,DA7Z
K52.3,DD72
K52.8,DE2Z
K52.9,DE2Z
K55,DD3Z
K55.0,DD30.Z
K55.1,DD31.Z
K55.2,DB34.0
K55.3,DA97.0
K55.8,DD3Z
K55.9,DD3Z
K56,DE2Z
K56.0,DE2Z
K56.1,DE2Z
K56.2,DE2Z
K56.3,DA91.30
K56.4,DE2Z
K56.5,DE2Z
K56.6,DE2Z
K56.7,DE2Z
K57,DD1Z
K57.0,DC70.00
K57.1,DD1Z
K57.2,DB3Z
K57.3,DB3Z
K57.4,DC90
K57.5,DD1Z
K57.8,DD02
K57.9,DD02
K58,DD91.0Z
K58.1,DD91.01
K58.2,DD91.00
K58.3,DD91.02
K58.8,DD91.0Z
K59,DD91.Y
K59.0,DE2Z
K59.1,DD9Z
K59.2,DD91.Z
K59.3,DB32.2Z
K59.4,DB72.0
K59.8,DD91.Y
K59.9,DD93.Z
K60,DE2Z
K60.0,DB50.0&XT5R
K60.1,DB50.0&XT8W
K60.2,DB50.Z
K60.3,DB50.1
K60.4,DB31.0&XA4KU2
K60.5,DB50.2
K61,DB70.0Z
K61.0,DB70.00
K61.1,DB36.12
K61.2,DB70.01
K61.3,DB36.11
K61.4,DB70.02
K62,DE2Z
K62.0,DB71.Z
K62.1,DB35.Z
K62.2,DB53
K62.3,DB31.2
K62.4,DE2Z
K62.5,ME24.A1
K62.6,DB52
K62.7,DB33.42
K62.8,DE2Z
K62.9,DE2Z
K63,DE2Z
K63.0,ME24.0
K63.1,ME24.3Z
K63.2,ME24.1
K63.3,ME24.5
K63.4,DE2Z
K63.5,DB35.Z
K63.8,DE2Z
K63.9,DE2Z
K64,DB6Z
K64.0,DB60.0
K64.1,DB60.1
K64.2,DB60.2
K64.3,DB60.3
K64.4,DB62
K64.5,DB61
K64.8,DB60.Z
K64.9,DB6Z
K65,DC50.Z
K65.0,DC50.Z
K65.8,DC50.Z
K65.9,DC50.Z
K66,DC51.Y
K66.0,DC51.1
K66.1,DC51.2
K66.2,FB51.4Z
K66.8,DC51.Y
K66.9,DC51.Y
K67,DC5Z
K67.0,1C21
K67.1,1A71
K67.2,1A6Z
K67.3,1B12.7
K67.8,DC50.1Z
K70,DB94.Z
K70.0,DB94.0
K70.1,DB94.1Z
K70.2,DB94.2
K70.3,DB94.3
K70.4,DB94.Z
K70.9,DB94.Z
K71,DB95.Z
K71.0,DB95.2Z
K71.1,DB95.0
K71.2,DB95.0
K71.3,DB95.1Z
K71.4,DB95.1Z
K71.5,DB95.1Z
K71.6,DB95.Y
K71.7,DB95.5
K71.8,DB95.Z
K71.9,DB95.Z
K72,DB9Z
K72.0,DB91.Z
K72.1,DB99.8
K72.9,DB99.7
K73,DB97.2
K73.0,DB97.2
K73.1,DB97.2
K73.2,DB97.2
K73.8,DB97.2
K73.9,DB97.2
K74,DB93.Y
K74.0,DB93.0
K74.1,DB93.Y
K74.2,DB93.0
K74.3,DB96.1Z
K74.4,DB93.Y
K74.5,DB93.Y
K74.6,DB93.1
K75,DB97.Z
K75.0,DB90.0
K75.1,DB98.Z
K75.2,DB97.Z
K75.3,DB97.0
K75.4,DB96.0
K75.8,DB97.Z
K75.9,DB97.Z
K76,DB9Z
K76.0,DB92.Z
K76.1,DB98.8&XT8W
K76.2,DB9Z
K76.3,DB98.0
K76.4,DB98.1
K76.5,DB98.6
K76.6,DB98.7Z
K76.7,DB99.2
K76.8,DB9Z
K76.9,DB9Z
K77,DB9Z
K77.0,1H0Z
K77.8,DB9Z
K80,DC11.Z
K80.0,DC11.0
K80.1,DC11.1
K80.2,DC11.3
K80.3,DC11.4
K80.4,DC11.5
K80.5,DC11.6
K80.8,DC11.Y
K81,DC12.Z
K81.0,DC12.0Z
K81.1,DC12.1
K81.8,DC12.Z
K81.9,DC12.Z
K82,DC1Z
K82.0,DC10.01
K82.1,DC10.1
K82.2,ME24.35&XA8KL9
K82.3,DC10.2
K82.4,DC10.4
K82.8,DC1Z
K82.9,DC1Z
K83,DC1Z
K83.0,DC13
K83.1,DC10.02
K83.2,ME24.35&XA6R80
K83.3,DC10.2
K83.4,DC14.2
K83.5,DC14.3
K83.8,DC1Z
K83.9,DC1Z
K85,DC31.Z
K85.0,DC31.0
K85.1,DC31.2
K85.2,DC31.1
K85.3,DC31.3
K85.8,DC31.Z
K85.9,DC31.Z
K86,DC3Z
K86.0,DC32.3
K86.1,DC32.Z
K86.2,DC30.0
K86.3,DC30.1
K86.8,DC3Z
K86.9,DC3Z
K87,DE2Z
K87.0,DC1Y
K87.1,DC3Z
K90,DA96.0Z
K90.0,DA95
K90.1,DA96.01
K90.2,DA96.00
K90.3,DC35.2
K90.4,DA96.Z
K90.8,DA96.0Y
K90.9,DA96.0Z
K91,DE13
K91.0,DE10
K91.1,DE11
K91.2,DA96.0Y
K91.3,DE13
K91.4,DE12.0
K91.5,DC14.1
K91.8,DE13
K91.9,DE13
K92,DE2Z
K92.0,ME24.A5
K92.1,ME24.A4
K92.2,ME24.Y
K92.8,DE2Z
K92.9,DE2Z
K93,DE2Z
K93.0,1B12.7
K93.1,1F53.3/DB32.2Z
K93.8,DE2Z
L00,EA50.2
L01,1B72.Z
L01.0,1B72.Z
L01.1,1B72.2
L02,1B75.Z
L02.0,1B75.Z
L02.1,1B75.Z
L02.2,1B75.Z
L02.3,1B75.Z
L02.4,1B75.Z
L02.8,1B75.Z
L02.9,1B75.Z
L03,1B70.Z
L03.0,1B70.Z
L03.1,1B70.Z
L03.2,1B70.Z
L03.3,1B70.1
L03.8,1B70.Z
L03.9,1B70.Z
L04,BD90.0
L04.0,BD90.0
L04.1,BD90.0
L04.2,BD90.0
L04.3,BD90.0
L04.8,BD90.0
L04.9,BD90.0
L05,EG63.1
L05.0,EG63.2
L05.9,EG63.Z
L08,EA6Y
L08.0,EB21
L08.1,1C44
L08.8,EA6Y
L08.9,EA6Y
L10,EB40.Z
L10.0,EB40.0Z
L10.1,EB40.0Y
L10.2,EB40.1
L10.3,EB40.1
L10.4,EB40.1
L10.5,EB40.Y
L10.8,EB40.Z
L10.9,EB40.Z
L11,ED5Y
L11.0,ED5Y
L11.1,ED5Y
L11.8,ED5Y
L11.9,ED5Y
L12,EB41.Z
L12.0,EB41.0
L12.1,EB41.1
L12.2,EB42
L12.3,EB43
L12.8,EB41.Z
L12.9,EB41.Z
L13,EM0Z
L13.0,EB44
L13.1,EB2Y
L13.8,EM0Z
L13.9,ME63.3
L14,ME63.3
L20,EA80.Z
L20.0,EC91.1
L20.8,EA80.Z
L20.9,EA80.Z
L21,EA81.Z
L21.0,EA81.1
L21.1,EH40.0Z
L21.8,EA81.Z
L21.9,EA81.Y
L22,EH40.1Z
L23,EK00.Z
L23.0,EK00.6
L23.1,EK00.Z
L23.2,EK00.1
L23.3,EK00.C
L23.4,EK00.Z
L23.5,EK00.Z
L23.6,4A85.22
L23.7,EK00.Z
L23.8,EK00.Z
L23.9,EK5Y
L24,EK02.Z
L24.0,EK02.00
L24.1,EK02.06
L24.2,EK02.01
L24.3,EK02.03
L24.4,EK02.06
L24.5,EK02.06
L24.6,EK02.06
L24.7,EK02.05
L24.8,EK02.Z
L24.9,EK02.Z
L25,EK5Y
L25.0,EK5Y
L25.1,EK5Y
L25.2,EK5Y
L25.3,EK5Y
L25.4,EK5Y
L25.5,EK5Y
L25.8,EK5Y
L25.9,EK5Y
L26,EB10
L27,EM0Z
L27.0,EH6Z
L27.1,EH77
L27.2,EB7Y
L27.8,EA8Z
L27.9,EA8Z
L28,EM0Z
L28.0,EA83.0Z
L28.1,EC91.0
L28.2,EC91.Z
L29,EC90.Z
L29.0,EG60
L29.1,GA81.0
L29.2,GA42.0
L29.3,EC90.5
L29.8,EC90.Z
L29.9,EC90.Z
L30,EA8Z
L30.0,EA82
L30.1,EA85.0
L30.2,EA88.2
L30.3,EA88.0Z
L30.4,EK02.20
L30.5,EA88.4
L30.8,EA8Z
L30.9,EA89
L40,EA90.Z
L40.0,EA90.0
L40.1,EA90.40
L40.2,EA90.41
L40.3,EA90.42
L40.4,EA90.1
L40.5,FA21.Z
L40.8,EA90.Y
L40.9,EA90.Z
L41,EA95
L41.0,EA93
L41.1,EA93
L41.3,EA95
L41.4,EK91.0
L41.5,EK91.0
L41.8,EA95
L41.9,EA95
L42,EA10
L43,EA91.Z
L43.0,EA91.1
L43.1,EA91.Y
L43.2,EH62
L43.3,EA91.6
L43.8,EA91.Z
L43.9,EA91.Z
L44,EA95
L44.0,EA94
L44.1,EA92
L44.2,EA92
L44.3,EA92
L44.4,EA12
L44.8,EA95
L44.9,EA95
L45,EA95
L50,EB0Y
L50.0,EM0Z
L50.1,EB00.1
L50.2,EB0Y
L50.3,EB01.0
L50.4,EB01.Y
L50.5,EB02.0
L50.6,EB01.3
L50.8,EB0Y
L50.9,EB0Y
L51,EB12.Z
L51.0,EB12.Z
L51.1,EB13.0
L51.2,EB13.1
L51.8,EB12.Z
L51.9,EB12.Z
L52,EB31
L53,EM0Z
L53.0,EB10
L53.1,EB11
L53.2,EB11
L53.3,EB11
L53.8,EM0Z
L53.9,ME64.0
L54,ME64.0
L54.0,EA50.0
L54.8,ME64.0
L55,EJ40.Z
L55.0,EJ40.0
L55.1,EJ40.1
L55.2,EJ40.Z
L55.8,EJ41.Z
L55.9,EJ40.Z
L56,EJ4Z
L56.0,EH75
L56.1,EH75
L56.2,EK20
L56.3,EB01.Y
L56.4,EJ30.0
L56.8,EJ4Z
L56.9,EJ4Z
L57,EJ2Y
L57.0,EK90.0
L57.1,EJ30.1
L57.2,EJ20.0
L57.3,EK20
L57.4,EJ20.0
L57.5,EJ20.0
L57.8,EJ2Y
L57.9,EJ2Y
L58,EJ7Z
L58.0,EL60
L58.1,EJ71
L58.9,EJ7Z
L59,EK5Y
L59.0,EJ10
L59.8,EK5Y
L59.9,EK5Y
L60,EE1Z
L60.0,EE13.1Z
L60.1,EE10.2
L60.2,EE10.3
L60.3,EE10.5
L60.4,EE10.1Y
L60.5,EE11.1
L60.8,EE13.Y
L60.9,EE1Z
L62,EE13.4
L62.0,FB86.10
L62.8,EE1Y
L63,ED70.2Z
L63.0,ED70.21
L63.1,ED70.2Y
L63.2,ED70.2Y
L63.8,EH72.Z
L63.9,ED70.2Z
L64,ED70.1
L64.0,EH72.Z
L64.8,ED70.1
L64.9,ED70.1
L65,ED7Y
L65.0,ED70.3Z
L65.1,ED70.4
L65.2,ED7Y
L65.8,EH72.Z
L65.9,ED70.Y
L66,ED70.5Z
L66.0,ED70.5Y
L66.1,EA91.2
L66.2,ED70.50
L66.3,ED70.51
L66.4,ED56
L66.8,EH72.Z
L66.9,ED70.5Z
L67,ED73.Y
L67.0,ED73.Y
L67.1,ED73.11
L67.8,EH72.Z
L67.9,ED73.Y
L68,ED71
L68.0,ED72.Z
L68.1,EL10
L68.2,ED71
L68.3,ED71
L68.8,ED71
L68.9,ED71
L70,ED80.Z
L70.0,ED80.Z
L70.1,ED80.41
L70.2,ED81.Y
L70.3,ED80.Y
L70.4,ED80.6
L70.5,6B25.1
L70.8,ED81
L70.9,ED81
L71,ED90.0Z
L71.0,ED90.1
L71.1,ED90.02
L71.8,ED90.0Z
L71.9,ED90.0Z
L72,EK70.Z
L72.0,EK70.0Z
L72.1,EK70.1
L72.2,2F22
L72.8,EK70.Z
L72.9,EK70.Z
L73,ED9Y
L73.0,EE60.Y
L73.1,ED9Y
L73.2,ED92.0
L73.8,ED9Y
L74,EE0Y
L74.0,EE02.Y
L74.1,EE02.Y
L74.2,EE02.Y
L74.3,EE02.Z
L74.4,EE01.Z
L74.8,EE0Y
L74.9,EE0Y
L75,ED92.1
L75.0,ED92.1
L75.1,ED92.1
L75.2,ED92.1
L75.8,ED92.Z
L75.9,ED92.1
L80,ED63.0
L81,ED6Y
L81.0,ED60.2
L81.1,ED60.1
L81.2,ED61.0
L81.3,EC23.0
L81.4,ED60.Z
L81.5,ED63.Y
L81.6,ED63.Y
L81.7,EF40.0
L81.8,ED6Y
L81.9,ED6Y
L82,2F21.0
L83,ED51.0Z
L84,EH92.0Z
L85,ED5Y
L85.0,ED50.0
L85.1,ED55.0
L85.2,EC20.32
L85.3,ED54
L85.8,ED5Y
L85.9,ED5Y
L86,ED5Y
L87,EE70.Z
L87.0,EE70.0
L87.1,EE70.Y
L87.2,EE70.Y
L87.8,EE70.Z
L87.9,EE70.Z
L88,EB21
L89,EH90.Z
L89.0,EH90.0
L89.1,EH90.1
L89.2,EH90.2
L89.3,EH90.3
L89.9,EH90.Z
L90,EE40.Z
L90.0,EB60.Z
L90.1,EE41.1
L90.2,EE41.1
L90.3,EE7Y
L90.4,1C1G.14
L90.5,EH94
L90.6,EE40.1Z
L90.8,EE40.Z
L90.9,EE40.Z
L91,EE6Z
L91.0,EE60.1
L91.8,EE6Z
L91.9,EE6Z
L92,EE8Z
L92.0,EE80.0
L92.1,EE80.1
L92.2,EF40.20
L92.3,EH93.3
L92.8,EE8Z
L92.9,EE8Y
L93,4A40.Z
L93.0,EB51.Z
L93.1,EB50
L93.2,4A40.Z
L94,EM0Z
L94.0,EB61.0
L94.1,EB61.1
L94.2,EB90.40
L94.3,EE7Y
L94.4,4A41.0Z
L94.5,EK91.1
L94.6,EE7Y
L94.8,EM0Z
L94.9,EE7Y
L95,EF40.Z
L95.0,EF50
L95.1,EF40.2Y
L95.8,EF40.Z
L95.9,EF40.Z
L97,ME60.2
L98,EM0Z
L98.0,2F26
L98.1,ED00
L98.2,EB20
L98.3,EB30
L98.4,EM0Z
L98.5,EB90.1Y
L98.6,EM0Z
L98.7,ME66.2
L98.8,EM0Z
L98.9,ME67
L99,EM0Z
L99.0,5D00.Z
L99.8,EM0Z
M00,FA1Z
M00.0,FA1Z
M00.1,FA1Z
M00.2,FA1Z
M00.8,FA1Z
M00.9,FA10.Z
M01,FA10.Z
M01.0,FA1Z
M01.1,1B12.40/FA10.0
M01.2,1C1G.13
M01.3,FA1Z
M01.4,1F02.1
M01.5,1E1Z
M01.6,FA10.2
M01.8,FA1Z
M02,FA11.Z
M02.0,FA11.0
M02.1,FA12.Y
M02.2,FA11.1
M02.3,FA11.2
M02.8,FA11.Z
M02.9,FA11.Z
M03,FA1Z
M03.0,FA1Z
M03.1,1A6Z
M03.2,FA1Z
M03.6,FA11.Y
M05,FA20.0
M05.0,FA20.0
M05.1,CB05.1/FA20.Z
M05.2,4A44.Y
M05.3,FA20.Z
M05.8,FA20.Z
M05.9,FA20.Z
M06,FA20.Z
M06.0,FA20.Z
M06.1,FA23
M06.2,FB50.Z
M06.3,FA20.0
M06.4,FA2Z
M06.8,FA20.Z
M06.9,FA20.Z
M07,FA21.Z
M07.0,FA21.Y
M07.1,FA21.Y
M07.2,FA21.0
M07.3,FA21.Z
M07.4,FA11.Y/DD70.Z
M07.5,FA11.Y/DD71.Z
M07.6,FA21.Z
M08,FA24.Z
M08.0,FA24.Z
M08.1,FA9Z
M08.2,FA24.4
M08.3,FA24.1
M08.4,FA24.1
M08.8,FA24.Z
M08.9,FA24.Z
M09,FA2Z
M09.0,FA24.2
M09.1,FA11.Y/DD70.Z
M09.2,FA11.Y
M09.8,FA2Z
M10,FA25.0
M10.0,FA25.0
M10.1,FA25.10
M10.2,FA25.11
M10.3,FA25.1Z
M10.4,FA25.1Z
M10.9,FA25.2Z
M11,FA26.Z
M11.0,FA26.1
M11.1,FA26.2
M11.2,FA26.2
M11.8,FA26.Z
M11.9,FA26.Z
M12,FA27.Y
M12.0,FA27.Y
M12.1,FA27.0
M12.2,FA27.1
M12.3,FA27.2
M12.4,FA27.4
M12.5,FA27.Y
M12.8,FA27.Y
M13,FA2Z
M13.0,FA2Z
M13.1,FA2Z
M13.8,FA2Z
M13.9,FA2Z
M14,FA38.Y
M14.0,FA25.12
M14.1,FA26.Z
M14.2,FA38.0
M14.3,FA38.Y
M14.4,5D00.0/FA38.Y
M14.5,FA38.Y
M14.6,FA38.1Z
M14.8,FA38.Y
M15,FA05
M15.0,FA05
M15.1,FA05
M15.2,FA05
M15.3,FA05
M15.4,FA05
M15.8,FA05
M15.9,FA05
M16,FA00.Z
M16.0,FA00.Z
M16.1,FA00.Z
M16.2,FA00.Z
M16.3,FA00.Z
M16.4,FA00.Z
M16.5,FA00.Z
M16.6,FA00.Z
M16.7,FA00.Z
M16.9,FA00.Z
M17,FA01.Z
M17.0,FA01.Z
M17.1,FA01.Z
M17.2,FA01.Z
M17.3,FA01.Z
M17.4,FA01.Z
M17.5,FA01.Z
M17.9,FA01.Z
M18,FA02.Z
M18.0,FA02.Z
M18.1,FA02.Z
M18.2,FA02.Z
M18.3,FA02.Z
M18.4,FA02.Z
M18.5,FA02.Z
M18.9,FA02.Z
M19,FA0Z
M19.0,FA0Z
M19.1,FA11.Y
M19.2,FA0Z
M19.8,FA0Z
M19.9,FA0Z
M20,FA30.Z
M20.0,FA30.Y
M20.1,FA30.0
M20.2,FA30.1
M20.3,FA30.Y
M20.4,FA30.2
M20.5,FA30.Z
M20.6,FA30.Z
M21,FA31.Z
M21.0,FA31.0
M21.1,FA31.1
M21.2,FA31.2
M21.3,FA31.3
M21.4,FA31.5
M21.5,FA31.7
M21.6,FA31.Z
M21.7,FA31.8
M21.8,FA31.Z
M21.9,FA31.Z
M22,FA32.Z
M22.0,FA32.0
M22.1,FA32.0
M22.2,FA32.1
M22.3,FA32.Z
M22.4,FB82.00
M22.8,FA32.Z
M22.9,FA32.Z
M23,FA33.Z
M23.0,FA33.0
M23.1,FA33.1
M23.2,FA33.2
M23.3,FA33.Z
M23.4,FA33.3
M23.5,FA33.4Z
M23.6,FA33.Z
M23.8,FA33.Z
M23.9,FA33.Z
M24,FA34.Y
M24.0,FA34.0
M24.1,FA34.Y
M24.2,FA34.1
M24.3,FA34.Y
M24.4,FA34.2
M24.5,FA34.3
M24.6,FA34.4
M24.7,FA34.Y
M24.8,FA34.Y
M24.9,FA34.Y
M25,FA37.Z
M25.0,FA36.0
M25.1,FA37.Y
M25.2,FA37.Y
M25.3,FA37.Y
M25.4,FA36.Z
M25.5,ME82
M25.6,ME85
M25.7,FA37.0
M25.8,FA37.Z
M25.9,FA37.Z
M30,4A44.Z
M30.0,4A44.4
M30.1,4A44.A2
M30.2,4A44.4
M30.3,4A44.5
M30.8,4A44.Z
M31,4A44.Z
M31.0,4A44.Z
M31.1,3B6Z
M31.3,4A44.A1
M31.4,4A44.1
M31.5,4A44.2/FA22
M31.6,4A44.2
M31.7,4A44.A0
M31.8,4A44.Z
M31.9,4A44.Z
M32,4A40.0Z
M32.0,4A40.1
M32.1,4A40.0Z
M32.8,4A40.0Z
M32.9,4A40.0Z
M33,4A41.Z
M33.0,4A41.01
M33.1,4A41.0Z
M33.2,4A41.1Z
M33.9,4A41.Z
M34,4A42.Z
M34.0,4A42.1
M34.1,4A42.2
M34.2,4A42.Z
M34.8,4A42.Z
M34.9,4A42.Z
M35,4A4Z
M35.0,4A43.Z
M35.1,4A43.Z
M35.2,4A62
M35.3,FA22
M35.4,4A43.4
M35.5,FB51.Y
M35.6,EF00.Z
M35.7,LD28.1Y
M35.8,4A4Z
M35.9,4A4Z
M36,4A4Z
M36.0,4A41.00
M36.1,FA38.Y
M36.2,FA38.3
M36.3,FA38.Y
M36.4,FA38.2
M36.8,4A4Z
M40,FA70.Z
M40.0,FA70.0
M40.1,FA70.0
M40.2,FA70.0
M40.3,FA70.2
M40.4,FA70.2
M40.5,FA70.2
M41,FA70.1
M41.0,FA70.1
M41.1,FA70.1
M41.2,FA70.1
M41.3,FA70.1
M41.4,FA70.1
M41.5,FA70.1
M41.8,FA70.1
M41.9,FA70.1
M42,FA85.Z
M42.0,FB82.1
M42.1,FA85.Z
M42.9,FA85.Z
M43,FB1Z
M43.0,FA81.Z
M43.1,FA84.Z
M43.2,FB1Z
M43.3,8B42
M43.4,FB1Z
M43.5,FB1Z
M43.6,FA71
M43.8,FB1Z
M43.9,FB1Z
M45,FA92.0Z
M46,FA9Z
M46.0,FA92.00
M46.1,FA92.01
M46.2,FA90.Z
M46.3,FA91
M46.4,FA9Z
M46.5,FA9Z
M46.8,FA9Z
M46.9,FA9Z
M47,FA8Z
M47.0,8B42
M47.1,8B42
M47.2,8B93.Z
M47.8,FA8Z
M47.9,FA8Z
M48,FA72.Z
M48.0,FA82
M48.1,FA72.0
M48.2,FA72.1
M48.3,FA72.2
M48.4,FA72.3
M48.5,FA72.4
M48.8,FA72.Z
M48.9,FA72.Z
M49,FB0Z
M49.0,FB0Z
M49.1,FA13
M49.2,FA13
M49.3,FA13
M49.4,FB0Y
M49.5,FB0Y
M49.8,FB0Z
M50,FA80.3
M50.0,FA80.3
M50.1,FA80.3
M50.2,FA80.1
M50.3,FA80.Z
M50.8,FA80.Z
M50.9,FA80.Z
M51,FA80.3
M51.0,FA80.Z
M51.1,FA80.Z
M51.2,FA80.Z
M51.3,FA80.Z
M51.4,FA85.10
M51.8,FA80.Z
M51.9,FA80.Z
M53,FB0Y
M53.0,ME84.0
M53.1,ME84.0
M53.2,FB10
M53.3,FB1Z
M53.8,FB0Y
M53.9,FB0Y
M54,ME84.Z
M54.0,ME84.Z
M54.1,8B93.Z
M54.2,ME84.0
M54.3,ME84.3
M54.4,ME84.20
M54.5,ME84.2Z
M54.6,ME84.1
M54.8,ME84.Z
M54.9,ME84.Z
M60,FB3Z
M60.0,FB30
M60.1,FB3Z
M60.2,FB56.0
M60.8,FB3Z
M60.9,FB32.Y
M61,FB31.Z
M61.0,FB31.Y
M61.1,FB31.1
M61.2,FB31.Y
M61.3,FB31.Y
M61.4,FB31.Y
M61.5,FB31.Y
M61.9,FB31.Z
M62,FB32.Y
M62.0,FB32.0
M62.1,FB32.1
M62.2,FB32.2Z
M62.3,FB32.3
M62.4,FB32.4
M62.5,FB32.Y
M62.6,FB32.5
M62.8,FB32.Y
M62.9,FB32.Y
M63,FB33
M63.0,FB33
M63.1,FB33
M63.2,FB33
M63.3,FB33
M63.8,FB33
M65,FB40.Z
M65.0,FB40.0
M65.1,FB40.0
M65.2,FB40.3
M65.3,FB40.4
M65.4,FB40.5
M65.8,FB40.Z
M65.9,FB40.Z
M66,FB41.Z
M66.0,FB41.0
M66.1,FB41.1
M66.2,FB41.2
M66.3,FB41.2
M66.4,FB41.Z
M66.5,FB41.2
M67,FB42.3
M67.0,FB42.0
M67.1,FB42.3
M67.2,FB42.3
M67.3,FA27.3
M67.4,FB42.2
M67.8,FB42.3
M67.9,FB42.3
M68,FB43
M68.0,FB43
M68.8,FB43
M70,FB50.1
M70.0,FB50.1
M70.1,FB50.Z
M70.2,FB50.Z
M70.3,FB50.Z
M70.4,FB50.Z
M70.5,FB50.Z
M70.6,FB50.Z
M70.7,FB50.Z
M70.8,FB50.1
M70.9,FB50.1
M71,FB50.Z
M71.0,FB50.0
M71.1,FB50.0
M71.2,FB50.2
M71.3,FB50.Z
M71.4,FB50.3
M71.5,FB50.Z
M71.8,FB50.Z
M71.9,FB50.Z
M72,FB51.Z
M72.0,FB51.0
M72.1,FB51.1
M72.2,FB51.Y
M72.4,FB51.2
M72.6,1B71.Z
M72.8,FB51.Z
M72.9,FB51.Z
M73,FB52
M73.0,1A72.0
M73.1,1A62.21/FB50.0
M73.8,FB52
M75,FB53.Z
M75.0,FB53.0
M75.1,FB53.1
M75.2,FB40.Y
M75.3,FB40.3
M75.4,FB53.2
M75.5,FB50.Z
M75.6,FB53.Z
M75.8,FB53.Z
M75.9,FB53.Z
M76,FB54.Z
M76.0,FB40.Y
M76.1,FB40.Y
M76.2,FB54.0
M76.3,FB54.1
M76.4,FB54.2
M76.5,FB40.Y
M76.6,FB40.Y
M76.7,FB40.Y
M76.8,FB54.Z
M76.9,FB54.Z
M77,FB55.Z
M77.0,FB55.0
M77.1,FB55.1
M77.2,FB55.2
M77.3,FB54.3
M77.4,FB54.4
M77.5,FB54.Z
M77.8,FB55.Z
M77.9,FB55.Z
M79,FB56.1
M79.0,FB56.1
M79.1,FB56.2
M79.2,FB56.1
M79.3,EF00.Z
M79.4,FB56.3
M79.5,FB56.1
M79.6,FB56.4
M79.7,MG30.01
M79.8,FB56.6
M79.9,FB56.1
M80,FB83.1Z
M80.0,FB83.1Z
M80.1,FB83.1Z
M80.2,FB83.1Z
M80.3,FB83.1Z
M80.4,FB83.1Z
M80.5,FB83.1Z
M80.8,FB83.1Z
M80.9,FB83.1Z
M81,FB83.1Z
M81.0,FB83.11
M81.1,FB83.1Z
M81.2,FB83.12
M81.3,FB83.1Z
M81.4,FB83.13
M81.5,FB83.1Z
M81.6,FB83.1Z
M81.8,FB83.1Z
M81.9,FB83.1Z
M82,FB83.1Z
M82.0,FB83.1Z
M82.1,FB83.1Z
M82.8,FB83.1Z
M83,FB83.2Z
M83.0,JB44.6
M83.1,FB83.2Z
M83.2,FB83.2Y
M83.3,FB83.21
M83.4,FB83.20
M83.5,FB83.22
M83.8,FB83.2Z
M83.9,FB83.2Z
M84,FB80.Z
M84.0,FB80.7
M84.1,FB80.8
M84.2,FB80.9
M84.3,FB80.A
M84.4,FB80.B
M84.8,FB80.Z
M84.9,FB80.Z
M85,FB80.Z
M85.0,FB80.0
M85.1,FB80.Z
M85.2,FB80.3
M85.3,FB80.2
M85.4,FB80.5
M85.5,FB80.6
M85.6,FB80.Y
M85.8,FB80.Z
M85.9,FB80.Z
M86,FB84.Z
M86.0,FB84.0
M86.1,FB84.Z
M86.2,FB84.2
M86.3,FB84.Z
M86.4,FB84.Z
M86.5,FB84.5
M86.6,FB84.Z
M86.8,FB84.Z
M86.9,FB84.Z
M87,FB81.Z
M87.0,FB81.0
M87.1,FB81.2
M87.2,FB81.3
M87.3,FB81.Y
M87.8,FB81.Z
M87.9,FB81.Z
M88,FB85.Z
M88.0,FB85.Y&XA1RZ4
M88.8,FB85.Z
M88.9,FB85.Z
M89,FB86.Z
M89.0,FB86.Z
M89.1,FB86.0
M89.2,FB86.Z
M89.3,FB86.11
M89.4,FB86.10
M89.5,FB86.2
M89.6,FB86.Z
M89.8,FB86.Z
M89.9,FB86.Z
M90,FB8Z
M90.0,1B12.40
M90.1,FB84.Y
M90.2,FB8Z
M90.3,FB8Z
M90.4,FB81.4
M90.5,FB81.Y
M90.6,FB85.1
M90.7,FB80.B
M90.8,FB8Z
M91,FB82.1
M91.0,FB82.1
M91.1,FB82.1
M91.2,FB82.1
M91.3,FB82.1
M91.8,FB82.1
M91.9,FB82.1
M92,FB82.1
M92.0,FB82.1
M92.1,FB82.1
M92.2,FB82.1
M92.3,FB82.1
M92.4,FB82.1
M92.5,FB82.1
M92.6,FB82.1
M92.7,FB82.1
M92.8,FB82.1
M92.9,FB82.1
M93,FB82.Z
M93.0,FB82.2
M93.1,FB81.0
M93.2,FB82.1
M93.8,FB82.Z
M93.9,FB82.Z
M94,FB82.Z
M94.0,FB82.Z
M94.1,FB82.3
M94.2,FB82.0Z
M94.3,FB82.Z
M94.8,FB82.Z
M94.9,FB82.Z
M95,FC00.Y
M95.0,FC00.0
M95.1,AA41.0
M95.2,FC00.Y&XA20Q1
M95.3,FC00.1
M95.4,FC00.2
M95.5,FC00.3
M95.8,FC00.Y
M95.9,FC00.Y
M96,FC01.A
M96.0,FC01.0
M96.1,FC01.1
M96.2,FC01.2
M96.3,FC01.3
M96.4,FC01.4
M96.5,FC01.5
M96.6,FC01.6
M96.8,FC01.A
M96.9,FC01.A
M99,ME93.Z
M99.0,ME93.0
M99.1,ME93.Y
M99.2,ME93.1
M99.3,ME93.2
M99.4,ME93.3
M99.5,ME93.4Z
M99.6,ME93.5
M99.7,ME93.6
M99.8,ME93.Z
M99.9,ME93.Z
N00,GB40
N01,GB40
N02,GB4Y
N03,GB40&XT8W
N04,GB41
N05,GB40
N06,GB42.Z
N07,GB4Z
N08,GB4Z
N08.0,GB4Z
N08.1,GB4Z
N08.2,GB4Z
N08.3,MF83
N08.4,GB4Z
N08.5,MF8Z
N08.8,GB4Z
N10,GB5Z
N11,GB55.Z
N11.0,GB55.Z
N11.1,GB55.Z
N11.8,GB55.Z
N11.9,GB55.Z
N12,GB54
N13,GB56.Z
N13.0,GB56.0
N13.1,GB56.1
N13.2,GB56.2
N13.3,GB56.4
N13.4,GB90.1
N13.5,GB90.2
N13.6,GB58
N13.7,GB56.5
N13.8,GB56.Z
N13.9,GB56.Z
N14,GB5Z
N14.0,GB55.Y
N14.1,GB5Z
N14.2,GB5Z
N14.3,GB55.1
N14.4,GB5Z
N15,GB5Z
N15.0,GB55.0
N15.1,GB59
N15.8,GB5Z
N15.9,GB5Z
N16,GB5Z
N16.0,GB5Z
N16.1,GB5Z
N16.2,GB5Z
N16.3,GB5Z
N16.4,GB5Z
N16.5,GB5Z
N16.8,GB5Z
N17,GB6Z
N17.0,GB52/GB60.Z
N17.1,GB60.Z
N17.2,GB60.Z
N17.8,GB60.Z
N17.9,GB60.Z
N18,GB61.Z
N18.1,GB61.0
N18.2,GB61.1
N18.3,GB61.Z
N18.4,GB61.4
N18.5,GB61.5
N18.9,GB61.Z
N19,GB6Z
N20,GB70.Z
N20.0,GB70.0Z
N20.1,GB70.1
N20.2,GB70.Z
N20.9,GB70.Z
N21,GB71.Z
N21.0,GB71.0
N21.1,GB71.1
N21.8,GB71.Z
N21.9,GB71.Z
N22,GB7Z
N22.0,1F86.0
N22.8,GB7Z
N23,MF56
N25,GB90.4Z
N25.0,GB61.Z
N25.1,GB90.4A
N25.8,GB90.4Z
N25.9,GB90.4Z
N26,MF54.Z
N27,MF54.2
N27.0,MF54.2
N27.1,MF54.2
N27.9,MF54.2
N28,GB90.Y
N28.0,GB90.3
N28.1,GB80.Z
N28.8,GB90.Y
N28.9,GB90.Y
N29,GB90.Y
N29.0,1A62.2Z
N29.1,GB90.Y
N29.8,GB90.Y
N30,GC00.Z
N30.0,GC00.1&XT5R
N30.1,GC00.3
N30.2,GC00.1&XT8W
N30.3,GC00.0
N30.4,GC00.Y
N30.8,GC00.Z
N30.9,GC00.Z
N31,GC01.4
N31.0,GC01.4
N31.1,GC01.4
N31.2,GC01.4
N31.8,GC01.4
N31.9,GC01.4
N32,GC01.Z
N32.0,GC01.0
N32.1,GC04.Z
N32.2,GC01.1
N32.3,GC01.2
N32.4,GC01.3
N32.8,GC01.Z
N32.9,GC01.Z
N33,GC0Y
N33.0,1B12.5
N33.8,GC0Y
N34,GC02.Z
N34.0,GC02.0
N34.1,GC02.1
N34.2,GC02.Z
N34.3,GC02.Z
N35,GC03
N35.0,GC03
N35.1,GC03
N35.8,GC03
N35.9,GC03
N36,GC0Y
N36.0,GC04.0
N36.1,GC06
N36.2,GC07
N36.3,GC05
N36.8,GC0Y
N36.9,GC0Y
N37,GC0Y
N37.0,GC02.1
N37.8,GC0Y
N39,GC0Y
N39.0,GC08.Z
N39.1,MF96.Z
N39.2,MF96.0
N39.3,MF50.20
N39.4,GC0Y
N39.8,GC0Y
N39.9,GC0Y
N40,GA90
N41,GA91.Z
N41.0,GA91.Y
N41.1,GA91.0
N41.2,GA91.1
N41.3,GA91.2
N41.8,GA91.Z
N41.9,GA91.Z
N42,GA91.Z
N42.0,GA91.3
N42.1,GA91.4
N42.2,GA91.5
N42.3,GA91.6
N42.8,GA91.Z
N42.9,GA91.Z
N43,GB00.Z
N43.0,GB00.0
N43.1,GB00.1
N43.2,GB00.Z
N43.3,GB00.Z
N43.4,GB00.2
N44,GB01.0
N45,GB02.Z
N45.0,GB02.0
N45.9,GB02.1
N46,GB04.Z
N47,GB05.Z
N48,GB06.Z
N48.0,EB60.1
N48.1,GB06.0Z
N48.2,GB06.Y
N48.3,GB06.1
N48.4,HA01.1Z
N48.5,GA80.Y
N48.6,GB06.2
N48.8,GB06.Z
N48.9,GB06.Z
N49,GB07.Y
N49.0,GB07.0
N49.1,GB07.1
N49.2,GB07.2
N49.8,GB07.Y
N49.9,GB07.Y
N50,GB0Z
N50.0,GB03
N50.1,GB08
N50.8,GB0Z
N50.9,GB0Z
N51,GB0Z
N51.0,GA90
N51.1,GB0Z
N51.2,GB06.0Z
N51.8,GB0Z
N60,GB20.Z
N60.0,GB20.0
N60.1,GB20.0
N60.2,GB20.1
N60.3,GB20.0
N60.4,GB23.0
N60.8,GB20.Z
N60.9,GB20.Z
N61,GB21.Z
N62,GB22
N63,GB2Y
N64,GB23.2
N64.0,GB23.1
N64.1,GB23.2
N64.2,GB23.3
N64.3,GB23.4
N64.4,GB23.5
N64.5,GB23.2
N64.8,GB23.2
N64.9,GB2Y
N70,GA07.Z
N70.0,GA07.0
N70.1,GA07.1
N70.9,GA07.Z
N71,GA01.Z
N71.0,GA01.0Z
N71.1,GA01.1Z
N71.9,GA01.Z
N72,GA0Z&XA5WW1
N73,GA05.Z
N73.0,GA05.0
N73.1,GA05.1
N73.2,GA05.0
N73.3,GA05.2
N73.4,GA05.2
N73.5,GA05.2
N73.6,GA06
N73.8,GA05.Z
N73.9,GA05.Z
N74,GA05.Z
N74.0,1B12.5/GA04
N74.1,1B12.5
N74.2,1A6Z
N74.3,1A71/GA05.Z
N74.4,1A81.1/GA05.Z
N74.8,GA05.Z
N75,GA03.Z
N75.0,GA03.1
N75.1,GA03.0
N75.8,GA13.Y&XA27K9
N75.9,GA03.Z
N76,GA0Z
N76.0,GA02.0
N76.1,GA02.2
N76.2,GA00.0
N76.3,GA00.1
N76.4,GA00.2
N76.5,GA02.3
N76.6,GA00.3
N76.8,GA0Z
N77,GA0Z
N77.0,1H0Z
N77.1,1H0Z
N77.8,GA0Z
N80,GA10.Z
N80.0,GA11
N80.1,GA10.Z
N80.2,GA10.B3
N80.3,GA10.C2
N80.4,GA10.B5
N80.5,GA10.C1
N80.6,GA10.H
N80.8,GA10.Z
N80.9,GA10.Z
N81,GC40.Z
N81.0,GC40.0Z
N81.1,GC40.0Z
N81.2,GC40.30
N81.3,GC40.34
N81.4,GC40.3Z
N81.5,GC40.2Z
N81.6,GC40.1Z
N81.8,GC40.Z
N81.9,GC40.Z
N82,GC04.1Z
N82.0,GC04.10
N82.1,GC04.1Z
N82.2,GC04.11
N82.3,GC04.12
N82.4,GC04.1Y
N82.5,GC04.13
N82.8,GC04.1Y
N82.9,GC04.1Z
N83,GA1Z
N83.0,GA18.0
N83.1,GA18.Z
N83.2,GA18.6
N83.3,GA18.7
N83.4,GA1Z
N83.5,GA18.5
N83.6,GA17.3
N83.7,GA19.0
N83.8,GA1Z
N83.9,GA1Z
N84,GA1Z
N84.0,GA16.Y
N84.1,GA15.0
N84.2,GA14.0
N84.3,GA13.0
N84.8,GA1Z
N84.9,GA1Z
N85,GA1Z&XA99N3
N85.0,GA16.0
N85.1,GA16.0
N85.2,GA1Z&XA99N3
N85.3,GA1Z&XA99N3
N85.4,GA16.1
N85.5,JB0A.2
N85.6,GA16.2
N85.7,GA16.3
N85.8,GA1Z&XA99N3
N85.9,GA1Z&XA99N3
N86,GA15.1
N87,GA15.7
N87.0,GA15.7
N87.1,GA15.7
N87.2,GA15.7
N87.9,GA15.7
N88,GA1Z&XA5WW1
N88.0,GA1Z&XA99N3
N88.1,GA15.3
N88.2,GA15.4
N88.3,GA15.6
N88.4,GA15.5
N88.8,GA1Z&XA5WW1
N88.9,GA1Z&XA5WW1
N89,GA1Z&XA1LK7
N89.0,GA1Z&XA1LK7
N89.1,GA1Z&XA1LK7
N89.2,GA1Z&XA1LK7
N89.3,GA1Z&XA1LK7
N89.4,GA14.5
N89.5,LB42.5
N89.6,LB42.3
N89.7,GA14.1
N89.8,GA1Z&XA1LK7
N89.9,GA1Z&XA1LK7
N90,GA1Z
N90.0,GA1Z
N90.1,GA1Z
N90.2,GA1Z
N90.3,GA13.1
N90.4,EB60.0
N90.5,GA1Z
N90.6,GA13.2
N90.7,GA13.3
N90.8,GA1Z
N90.9,GA1Z
N91,GA20.0Z
N91.0,GA20.00
N91.1,GA20.01
N91.2,GA20.0Z
N91.3,GA20.11
N91.4,GA20.11
N91.5,GA20.11
N92,GA20.Z
N92.0,GA20.Z
N92.1,GA20.Z
N92.2,GA20.5Z
N92.3,GA20.2Z
N92.4,GA30.02
N92.5,GA20.3
N92.6,GA20.3
N93,GA2Z
N93.0,GA21.0
N93.8,GA2Z
N93.9,GA2Z
N94,GA34.Z
N94.0,GA34.20
N94.1,GA12
N94.2,HA20.Z
N94.3,GA34.40
N94.4,GA34.3
N94.5,GA34.3
N94.6,GA34.3
N94.8,GA34.Z
N94.9,MF38
N95,GA30.Z
N95.0,GA30.1
N95.1,GA30.00
N95.2,GA30.2
N95.3,GA30.3
N95.8,GA30.Z
N95.9,GA30.Z
N96,GA33
N97,GA31.Z
N97.0,GA31.Z
N97.1,GA31.01
N97.2,GA31.00
N97.3,GA31.Z
N97.4,GA31.Z
N97.8,GA31.Z
N97.9,GA31.Z
N98,GA32.Z
N98.0,GA32.2
N98.1,GA32.0
N98.2,GA32.3
N98.3,GA32.3
N98.8,GA32.Z
N98.9,GA32.Z
N99,GC7C
N99.0,GB60.Y
N99.1,GC72
N99.2,GC70
N99.3,GC71
N99.4,GC73
N99.5,GC74
N99.8,GC7C
N99.9,GC7C
O00,JA01.Z
O00.0,JA01.0
O00.1,JA01.1
O00.2,JA01.2
O00.8,JA01.Z
O00.9,JA01.Z
O01,JA02.Z
O01.0,JA02.0
O01.1,JA02.1
O01.9,JA02.Z
O02,JA0Z
O02.0,JA04
O02.1,JA03
O02.8,JA0Z
O02.9,JA0Z
O03,JA00.09
O04,JA00.13
O05,JA00.13
O06,JA00.29
O07,JA00.39
O07.0,JA00.30
O07.1,JA00.31
O07.2,JA00.32
O07.3,JA00.33
O07.4,JA00.34
O07.5,JA00.35
O07.6,JA00.36
O07.7,JA00.37
O07.8,JA00.39
O07.9,JA00.39
O08,JA05.Z
O08.0,JA05.0
O08.1,JA05.1
O08.2,JA05.2
O08.3,JA05.3
O08.4,JA05.4
O08.5,JA05.5
O08.6,JA05.6
O08.7,JA05.7
O08.8,JA05.Z
O08.9,JA05.Z
O10,JA20.Z
O10.0,JA20.0
O10.1,JA20.1
O10.2,JA20.2
O10.3,JA20.3
O10.4,JA20.4
O10.9,JA20.Z
O11,JA21
O12,JA22.2
O12.0,JA22.1
O12.1,JA22.0
O12.2,JA22.2
O13,JA23
O14,JA24.Z
O14.0,JA24.0
O14.1,JA24.1
O14.2,JA24.2
O14.9,JA24.Z
O15,JA25.3
O15.0,JA25.0
O15.1,JA25.1
O15.2,JA25.2
O15.9,JA25.3
O16,JA2Z
O20,JA40.Z
O20.0,JA40.0
O20.8,JA40.Z
O20.9,JA40.Z
O21,JA60.Z
O21.0,JA60.0
O21.1,JA60.1
O21.2,JA60.2
O21.8,JA60.Y
O21.9,JA60.Z
O22,JA61.Z
O22.0,JA61.0
O22.1,JA61.1
O22.2,JA61.2
O22.3,JA61.3
O22.4,JA61.4
O22.5,JA61.5
O22.8,JA61.Z
O22.9,JA61.Z
O23,JA62.Z
O23.0,JA62.0
O23.1,JA62.1
O23.2,JA62.2
O23.3,JA62.3
O23.4,JA62.Y
O23.5,JA62.4
O23.9,JA62.Z
O24,JA63.Z
O24.0,JA63.0
O24.1,JA63.1
O24.2,JA63.Y
O24.3,JA63.Z
O24.4,JA63.2
O24.9,JA63.Z
O25,JA64
O26,JA65.Z
O26.0,JA65.2
O26.1,JA65.3
O26.2,JA65.4
O26.3,JA65.5
O26.4,JA65.10
O26.5,JA65.6
O26.6,JA65.0
O26.7,JA65.7
O26.8,JA65.Z
O26.9,JA65.Z
O28,JA66.Z
O28.0,JA66.0
O28.1,JA66.1
O28.2,JA66.2
O28.3,JA66.3
O28.4,JA66.4
O28.5,JA66.5
O28.8,JA66.Z
O28.9,JA66.Z
O29,JA67.Z
O29.0,JA67.0
O29.1,JA67.1
O29.2,JA67.2
O29.3,JA67.3
O29.4,JA67.4
O29.5,JA67.Y
O29.6,JA67.5Z
O29.8,JA67.Z
O29.9,JA67.Z
O30,JA80.Z
O30.0,JA80.0
O30.1,JA80.1
O30.2,JA80.2
O30.8,JA80.Z
O30.9,JA80.Z
O31,JA81.Z
O31.0,JA81.0
O31.1,JA81.1
O31.2,JA81.2
O31.8,JA81.Z
O32,JA82.Z
O32.0,JA82.0
O32.1,JA82.1
O32.2,JA82.2
O32.3,JA82.3
O32.4,JA82.4
O32.5,JA82.5
O32.6,JA82.6
O32.8,JA82.Z
O32.9,JA82.Z
O33,JA83.Z
O33.0,JA83.0
O33.1,JA83.1
O33.2,JA83.2
O33.3,JA83.3
O33.4,JA83.4
O33.5,JA83.5
O33.6,JA83.6
O33.7,JA83.Y
O33.8,JA83.Z
O33.9,JA83.Z
O34,JA84.Z
O34.0,JA84.0
O34.1,JA84.1
O34.2,JA84.2
O34.3,JA84.3
O34.4,JA84.Y
O34.5,JA84.Y
O34.6,JA84.4
O34.7,JA84.5
O34.8,JA84.Y
O34.9,JA84.Z
O35,JA85.Z
O35.0,JA85.0
O35.1,JA85.1
O35.2,JA85.2
O35.3,JA85.3
O35.4,JA85.Y
O35.5,JA85.Y
O35.6,JA85.Y
O35.7,JA85.Y
O35.8,JA85.Y
O35.9,JA85.Z
O36,JA86.Z
O36.0,JA86.0
O36.1,JA86.Y
O36.2,JA86.1
O36.3,JA86.2
O36.4,JA86.3
O36.5,JA86.4
O36.6,JA86.5
O36.7,JA86.6
O36.8,JA86.Z
O36.9,JA86.Z
O40,JA87
O41,JA88.Z
O41.0,JA88.0
O41.1,JA88.1
O41.8,JA88.Z
O41.9,JA88.Z
O42,JA89.Z
O42.0,JA89.0
O42.1,JA89.1
O42.2,JA89.2
O42.9,JA89.Z
O43,JA8A.Z
O43.0,JA8A.0
O43.1,JA8A.1
O43.2,JA8A.2
O43.8,JA8A.Z
O43.9,JA8A.Z
O44,JA8B.Z
O44.0,JA8B.0
O44.1,JA8B.1
O45,JA8C.Z
O45.0,JA8C.0
O45.8,JA8C.Z
O45.9,JA8C.Z
O46,JA41.Z
O46.0,JA41.0
O46.8,JA41.Z
O46.9,JA41.Z
O47,JA8D.Z
O47.0,JA8D.0
O47.1,JA8D.1
O47.9,JA8D.Z
O48,JA8E
O60,JB00.Z
O60.0,JB00.0
O60.1,JB00.1
O60.2,JB00.2
O60.3,JB00.Z
O61,JB01.Z
O61.0,JB01.0
O61.1,JB01.1
O61.8,JB01.Z
O61.9,JB01.Z
O62,JB02.Z
O62.0,JB02.0
O62.1,JB02.1
O62.2,JB02.2
O62.3,JB02.3
O62.4,JB02.4
O62.8,JB02.Z
O62.9,JB02.Z
O63,JB03.Z
O63.0,JB03.0
O63.1,JB03.1
O63.2,JB03.2
O63.9,JB03.Z
O64,JB04.Z
O64.0,JB04.0
O64.1,JB04.1
O64.2,JB04.2
O64.3,JB04.3
O64.4,JB04.4
O64.5,JB04.5
O64.8,JB04.Z
O64.9,JB04.Z
O65,JB05.Z
O65.0,JB05.Z
O65.1,JB05.Z
O65.2,JB05.Z
O65.3,JB05.Z
O65.4,JB05.Z
O65.5,JB05.Z
O65.8,JB05.Z
O65.9,JB05.Z
O66,JB06.Z
O66.0,JB06.0
O66.1,JB06.1
O66.2,JB06.2
O66.3,JB06.3
O66.4,JB0D.8
O66.5,JB0D.7
O66.8,JB06.Z
O66.9,JB06.Z
O67,JA42.Z
O67.0,JA42.0
O67.8,JA42.Z
O67.9,JA42.Z
O68,JB07.Z
O68.0,JB07.0
O68.1,JB07.1
O68.2,JB07.Y
O68.3,JB07.2
O68.8,JB07.Z
O68.9,JB07.Z
O69,JB08.Z
O69.0,JB08.0
O69.1,JB08.1
O69.2,JB08.5
O69.3,JB08.2
O69.4,JB08.3
O69.5,JB08.4
O69.8,JB08.Z
O69.9,JB08.Z
O70,JB09.Z
O70.0,JB09.0
O70.1,JB09.1
O70.2,JB09.2
O70.3,JB09.3
O70.9,JB09.Z
O71,JB0A.Z
O71.0,JB0A.0
O71.1,JB0A.1
O71.2,JB0A.2
O71.3,JB0A.3
O71.4,JB0A.4
O71.5,JB0A.6
O71.6,JB0A.7
O71.7,JB0A.8
O71.8,JB0A.Z
O71.9,JB0A.Z
O72,JA43.Z
O72.0,JA43.0
O72.1,JA43.1
O72.2,JA43.2
O72.3,JA43.3
O73,JB0B.1
O73.0,JB0B.0
O73.1,JB0B.1
O74,JB0C.Z
O74.0,JB0C.0
O74.1,JB0C.1
O74.2,JB0C.2
O74.3,JB0C.3
O74.4,JB0C.4
O74.5,JB0C.5
O74.6,JB0C.6
O74.7,JB0C.7Z
O74.8,JB0C.Z
O74.9,JB0C.Z
O75,JB0D.Y
O75.0,JB0D.0
O75.1,JB0D.1
O75.2,JB0D.2
O75.3,JB0D.Y
O75.4,JB0D.3
O75.5,JB0D.4
O75.6,JB0D.5
O75.7,JB0D.6
O75.8,JB0D.Y
O75.9,JB0D.Y
O80,JB20.Z
O80.0,JB20.0
O80.1,JB20.1
O80.8,JB20.Z
O80.9,JB20.Z
O81,JB21
O81.0,JB21
O81.1,JB21
O81.2,JB21
O81.3,JB21
O81.4,JB21
O81.5,JB21
O82,JB22.Z
O82.0,JB22.0
O82.1,JB22.1
O82.2,JB22.2
O82.8,JB22.Z
O82.9,JB22.Z
O83,JB23.Z
O83.0,JB23.0
O83.1,JB23.1
O83.2,JB23.2
O83.3,JB23.3
O83.4,JB23.4
O83.8,JB23.Z
O83.9,JB23.Z
O84,JB24.Z
O84.0,JB24.0
O84.1,JB24.1
O84.2,JB24.2
O84.8,JB24.Z
O84.9,JB24.Z
O85,JB40.0
O86,JB40.Z
O86.0,JB40.1
O86.1,JB40.2
O86.2,JB40.3
O86.3,JB40.Y
O86.4,JB40.4
O86.8,JB40.Z
O87,JB41.Z
O87.0,JB41.0
O87.1,JB41.1
O87.2,JB41.2
O87.3,JB41.3
O87.8,JB41.Z
O87.9,JB41.Z
O88,JB42.Z
O88.0,JB42.0
O88.1,JB42.1
O88.2,JB42.2
O88.3,JB42.3
O88.8,JB42.Z
O89,JB43.Z
O89.0,JB43.0
O89.1,JB43.1
O89.2,JB43.2
O89.3,JB43.Y
O89.4,JB43.3
O89.5,JB43.4
O89.6,JB43.5Z
O89.8,JB43.Z
O89.9,JB43.Z
O90,JB44.Z
O90.0,JB44.0
O90.1,JB44.1
O90.2,JB44.2
O90.3,JB44.3
O90.4,JB44.4
O90.5,JB44.5
O90.8,JB44.Z
O90.9,JB44.Z
O91,JB45.Z
O91.0,JB45.Y
O91.1,JB45.0
O91.2,JB45.1
O92,JB46.2
O92.0,JB46.0
O92.1,JB46.1
O92.2,JB46.2
O92.3,JB46.3
O92.4,JB46.4
O92.5,JB46.5
O92.6,JB46.6
O92.7,JB46.7
O95,JB60
O96,JB61.Z
O96.0,JB61.0
O96.1,JB61.1
O96.9,JB61.Z
O97,JB62.Z
O97.0,JB62.0
O97.1,JB62.1
O97.9,JB62.Z
O98,JB63.Z
O98.0,JB63.0Z
O98.1,JB63.1
O98.2,JB63.2
O98.3,JB63.3
O98.4,JB63.4
O98.5,JB63.5
O98.6,JB63.6Z
O98.7,JB63.7
O98.8,JB63.Z
O98.9,JB63.Z
O99,JB64.Y
O99.0,JB64.0
O99.1,JB64.1
O99.2,JB64.2
O99.3,JB64.3
O99.4,JB64.4
O99.5,JB64.5
O99.6,JB64.6
O99.7,JB64.7
O99.8,JB64.Y
P00,KA00.Z
P00.0,KA00.0
P00.1,KA00.2
P00.2,KA00.3
P00.3,KA00.Y
P00.4,KA00.6Z
P00.5,KA00.8
P00.6,KA00.A
P00.7,KA00.Y
P00.8,KA00.Z
P00.9,KA00.Z
P01,KA01.Z
P01.0,KA01.0
P01.1,KA01.1
P01.2,KA01.2
P01.3,KA01.3
P01.4,KA01.4
P01.5,KA01.5
P01.6,KA01.6
P01.7,KA01.7
P01.8,KA01.Z
P01.9,KA01.Z
P02,KA0Z
P02.0,KA02.0
P02.1,KA02.Y
P02.2,KA02.Y
P02.3,KA02.4
P02.4,KA03.0
P02.5,KA03.1
P02.6,KA03.Y
P02.7,KA04.0
P02.8,KA0Z
P02.9,KA0Z
P03,KA05.Z
P03.0,KA05.0
P03.1,KA05.1
P03.2,KA05.2
P03.3,KA05.3
P03.4,KA05.4
P03.5,KA05.5
P03.6,KA05.6
P03.8,KA05.Z
P03.9,KA05.Z
P04,KA06.Z
P04.0,KA06.0
P04.1,KA06.Y
P04.2,KA06.1
P04.3,KA06.2
P04.4,KA06.3
P04.5,KA06.4
P04.6,KA06.5
P04.8,KA06.Z
P04.9,KA06.Z
P05,KA20.Z
P05.0,KA20.Z
P05.1,KA20.0Z
P05.2,KA20.2
P05.9,KA20.Z
P07,KA21.4
P07.0,KA21.0Z
P07.1,KA21.2Z
P07.2,KA21.3Z
P07.3,KA21.4Z
P08,KA22.2
P08.0,KA22.0
P08.1,KA22.1
P08.2,KA22.2
P10,KA40.0Z
P10.0,KA40.00
P10.1,KA40.01
P10.2,KA40.03
P10.3,KA40.04
P10.4,KA40.05
P10.8,KA40.0Z
P10.9,KA40.0Z
P11,KA40.Z
P11.0,KA40.1
P11.1,KA40.Z
P11.2,KA40.Z
P11.3,KA44.00
P11.4,KA44.0Z
P11.5,KA40.2
P11.9,KA40.Z
P12,KA42.Z
P12.0,KA42.1
P12.1,KA42.2
P12.2,KA42.4
P12.3,KA42.0
P12.4,KA42.3
P12.8,KA42.Z
P12.9,KA42.Z
P13,KA45.Z
P13.0,KA45.0Z
P13.1,KA45.Z
P13.2,KA45.6
P13.3,KA45.6
P13.4,KA45.5
P13.8,KA45.Z
P13.9,KA45.Z
P14,KA44.Z
P14.0,KA44.10
P14.1,KA44.11
P14.2,KA44.2
P14.3,KA44.Y
P14.8,KA44.Z
P14.9,KA44.Z
P15,KA4Z
P15.0,KA46.0
P15.1,KA46.1
P15.2,KA43.0
P15.3,KA41
P15.4,KA43.3
P15.5,KA43.1
P15.6,KA43.2
P15.8,KA46.Y
P15.9,KA4Z
P20,KB20.Z
P20.0,KB22
P20.1,KB22
P20.9,KB20.Z
P21,KB21.Z
P21.0,KD30.0
P21.1,KD30.1
P21.9,KB21.Z
P22,KB23.Z
P22.0,KB23.0Z
P22.1,KB23.1
P22.8,KB23.Z
P22.9,KB23.Z
P23,KB24
P23.0,KB24
P23.1,KB24
P23.2,KB24
P23.3,KB24
P23.4,KB24
P23.5,KB24
P23.6,KB24
P23.8,KB24
P23.9,KB24
P24,KB26.Z
P24.0,KB26.0
P24.1,KB26.1
P24.2,KB26.2
P24.3,KB26.3
P24.8,KB26.Z
P24.9,KB26.Z
P25,KB27.Z
P25.0,KB27.0
P25.1,KB27.1
P25.2,KB27.2
P25.3,KB27.3
P25.8,KB27.Z
P26,KB28.Z
P26.0,KB28.0
P26.1,KB28.Y
P26.8,KB28.Z
P26.9,KB28.Z
P27,KB29.Z
P27.0,KB29.Z
P27.1,KB29.0
P27.8,KB29.Z
P27.9,KB29.Z
P28,KB2Z
P28.0,KB2B
P28.1,KB2Z
P28.2,KB2C
P28.3,7A40.1
P28.4,KB2Z
P28.5,KB2D
P28.8,KB2Z
P28.9,KB2Z
P29,KB4Z
P29.0,KB40.Z
P29.1,KB41
P29.2,KB45
P29.3,KB42
P29.4,KB44
P29.8,KB4Z
P29.9,KB4Z
P35,KA62.Z
P35.0,KA62.8
P35.1,KA62.3
P35.2,KA62.A
P35.3,KA62.9
P35.4,KA62.0
P35.8,KA62.Z
P35.9,KA62.Z
P36,KA60
P36.0,KA60&XN2M1
P36.1,KA60
P36.2,KA60&XN6BM
P36.3,KA60
P36.4,KA60&XN6P4
P36.5,KA60
P36.8,KA60
P36.9,KA60
P37,KA6Z
P37.0,KA61.0
P37.1,KA64.0
P37.2,KA61.1
P37.3,KA64.1
P37.4,KA64.Y
P37.5,KA63.2
P37.8,KA64.Z
P37.9,KA64.Z
P38,KA65.1
P39,KA6Z
P39.0,KA65.3
P39.1,KA65.0
P39.2,KA6Z
P39.3,KA65.2
P39.4,EH1Z
P39.8,KA6Z
P39.9,KA6Z
P50,KA80.Z
P50.0,KA80.0
P50.1,KA80.1
P50.2,KA80.2
P50.3,KA80.3
P50.4,KA80.4
P50.5,KA80.5
P50.8,KA80.Z
P50.9,KA80.Z
P51,KA81
P51.0,KA81
P51.8,KA81
P51.9,KA81
P52,KA82.Z
P52.0,KA82.0
P52.1,KA82.1
P52.2,KA82.2
P52.3,KA82.Z
P52.4,KA82.4
P52.5,KA82.5
P52.6,KA82.6
P52.8,KA82.Z
P52.9,KA82.Z
P53,KA8F.0
P54,KA83.9
P54.0,KA83.0Z
P54.1,KA83.9
P54.2,KA83.2
P54.3,KA83.1
P54.4,KA83.4
P54.5,KA83.8
P54.6,KA83.9
P54.8,KA8Z
P54.9,KA8Z
P55,KA84.Z
P55.0,KA84.0
P55.1,KA84.2
P55.8,KA84.3
P55.9,KA84.Z
P56,KA85.Z
P56.0,KA85.0
P56.9,KA85.Z
P57,KA86
P57.0,KA86
P57.8,KA86
P57.9,KA86
P58,KA87.Z
P58.0,KA87.Y
P58.1,KA87.Y
P58.2,KA87.Y
P58.3,KA87.Y
P58.4,KA87.Z
P58.5,KA87.0
P58.8,KA87.Z
P58.9,KA87.Z
P59,KA87.Z
P59.0,KA87.Y
P59.1,KA87.Y
P59.2,KA87.6
P59.3,KA87.2
P59.8,KA87.Z
P59.9,KA87.Z
P60,KA88
P61,KA8Z
P61.0,KA89.Z
P61.1,KA8A.Z
P61.2,KA8B
P61.3,KA8C
P61.4,KA8Z
P61.5,KA8D
P61.6,KA8Z
P61.8,KA8Z
P61.9,KA8Z
P70,KB60.Z
P70.0,KB60.0
P70.1,KB60.1
P70.2,KB60.2Z
P70.3,KB60.41
P70.4,KB60.4Z
P70.8,KB60.Z
P70.9,KB60.Z
P71,KB61.Z
P71.0,KB61.2
P71.1,KB61.2
P71.2,KB61.0
P71.3,KB61.1
P71.4,KB64
P71.8,KB61.Z
P71.9,KB61.Z
P72,KB62.Z
P72.0,KB62.Y
P72.1,KB62.0
P72.2,KB62.1
P72.8,KB6Z
P72.9,KB6Z
P74,KB6Z
P74.0,KB63.0
P74.1,KB63.1
P74.2,KB63.2Z
P74.3,KB63.3Z
P74.4,KB6Z
P74.5,KB63.4
P74.8,KB6Z
P74.9,KB6Z
P75,CA25.0/KB87.2
P76,KB87.Z
P76.0,KB87.1
P76.1,KB87.3
P76.2,KB87.0
P76.8,KB87.Z
P76.9,KB87.Z
P77,KB88.Z
P78,KB8Z
P78.0,KB86.Z
P78.1,KB8B
P78.2,KB8A
P78.3,KB8C
P78.8,KB8Z
P78.9,KB8Z
P80,KD12.Z
P80.0,KD12.0
P80.8,KD12.Z
P80.9,KD12.Z
P81,KD1Z
P81.0,KD10
P81.8,KD1Z
P81.9,KD1Z
P83,KD5Z
P83.0,KC22.2
P83.1,KC21.1
P83.2,KC41.1
P83.3,KC41.Y
P83.4,KC41.0
P83.5,KC00
P83.6,KC20.1
P83.8,KC41.Y
P83.9,KD5Z
P90,KB06
P91,KB0Z
P91.0,KB00.Z
P91.1,KB01
P91.2,KB02
P91.3,KB03
P91.4,KB03
P91.5,KB03
P91.6,KB04
P91.7,8D64.02
P91.8,KB0Z
P91.9,KB0Z
P92,KD32.Z
P92.0,KD3C.Z
P92.1,DD93.0
P92.2,KD32.0
P92.3,KD32.1
P92.4,KD32.2
P92.5,KD32.3
P92.8,KD32.Z
P92.9,KD32.Z
P93,KD34
P94,KB08.Z
P94.0,KB08.0
P94.1,KB08.1
P94.2,KB08.2
P94.8,KB08.Z
P94.9,KB08.Z
P95,KD3B.Z
P96,KD3Y
P96.0,KC01
P96.1,KD35
P96.2,KD36
P96.3,KD31
P96.4,KD3A
P96.5,KD39.Z
P96.8,KD3Y
P96.9,KD3Y
Q00,LA00.Z
Q00.0,LA00.0Z
Q00.1,LA00.00
Q00.2,LA00.1
Q01,LA01
Q01.0,LA01
Q01.1,LA01
Q01.2,LA01
Q01.8,LA01
Q01.9,LA01
Q02,LA05.0
Q03,LA04.Z
Q03.0,LA04.0
Q03.1,LA06.0
Q03.8,LA04.Z
Q03.9,LA04.Z
Q04,LA05.Z
Q04.0,LA05.3
Q04.1,LA05.4
Q04.2,LA05.2
Q04.3,LA05.Z
Q04.4,5A61.0
Q04.5,LA05.1
Q04.6,LA05.7
Q04.8,LA05.Z
Q04.9,LA05.Z
Q05,LA02.Z
Q05.0,LA02.00
Q05.1,LA02.00
Q05.2,LA02.00
Q05.3,LA02.00
Q05.4,LA02.0Z
Q05.5,LA02.1
Q05.6,LA02.1
Q05.7,LA02.1
Q05.8,LA02.1
Q05.9,LA02.1
Q06,LA07.Z
Q06.0,LA07.2
Q06.1,LA07.Z
Q06.2,LA07.1
Q06.3,LA07.Z
Q06.4,LA07.3
Q06.8,LA07.Z
Q06.9,LA07.Z
Q07,LA0Z
Q07.0,LA03
Q07.8,LA0Z
Q07.9,LA0Z
Q10,LA14.Z
Q10.0,LA14.04
Q10.1,LA14.03
Q10.2,LA14.02
Q10.3,LA14.Z
Q10.4,LA14.11
Q10.5,LA14.14
Q10.6,LA14.Z
Q10.7,LA14.2
Q11,LA10.Z
Q11.0,LA10.2
Q11.1,LA10.1
Q11.2,LA10.0
Q11.3,LA10.3
Q12,LA12.Z
Q12.0,LA12.1
Q12.1,LA12.Y
Q12.2,LA12.0
Q12.3,LA12.2
Q12.4,LA12.3
Q12.8,LA12.Z
Q12.9,LA12.Z
Q13,LA11.Z
Q13.0,LA11.4
Q13.1,LA11.3
Q13.2,LA11.Z
Q13.3,LA11.5
Q13.4,LA11.Z
Q13.5,LA11.0
Q13.8,LA11.Z
Q13.9,LA11.Z
Q14,LA13.Z
Q14.0,LA13.0
Q14.1,LA13.3
Q14.2,LA13.7Z
Q14.3,LA13.6
Q14.8,LA13.Z
Q14.9,LA13.Z
Q15,LA1Z
Q15.0,9C61.4Z
Q15.8,LA1Z
Q15.9,LA1Z
Q16,LA22.Z
Q16.0,LA22.1
Q16.1,LA22.2
Q16.2,LA20
Q16.3,LA22.3
Q16.4,LA22.Z
Q16.5,LA22.4
Q16.9,LA22.Z
Q17,LA2Z
Q17.0,LA24
Q17.1,LA21.0
Q17.2,LA22.0
Q17.3,LA21.3
Q17.4,LA2Y
Q17.5,LA21.1
Q17.8,LA2Z
Q17.9,LA2Z
Q18,LD0Z
Q18.0,LD0Z
Q18.1,LA2Z
Q18.2,LA6Z
Q18.3,LA60
Q18.4,LA31.3
Q18.5,LA31.4
Q18.6,LA53
Q18.7,LA54
Q18.8,LD0Z
Q18.9,LD0Z
Q20,LA8Z
Q20.0,LA85.4Z
Q20.1,LA85.2Z
Q20.2,LA85.3
Q20.3,LA85.1
Q20.4,LA89.0
Q20.5,LA85.00
Q20.6,LA8Y
Q20.8,LA8Z
Q20.9,LA8Z
Q21,LA8Z
Q21.0,LA88.4Z
Q21.1,LA8E.Z
Q21.2,LA8Z
Q21.3,LA88.2Z
Q21.4,LA8B.0
Q21.8,LA8Z
Q21.9,LA8Z
Q22,LA8Z
Q22.0,LA8A.1Z
Q22.1,LA8A.00
Q22.2,LA8A.01
Q22.3,LA8A.0Z
Q22.4,LA87.01
Q22.5,LA87.03
Q22.6,LA8Z
Q22.8,LA87.Z
Q22.9,LA87.Z
Q23,LA8Z
Q23.0,LA8A.20
Q23.1,LA8A.21
Q23.2,LA87.11
Q23.3,LA87.10
Q23.4,LA89.3
Q23.8,LA87.Z
Q23.9,LA87.Z
Q24,LA8Z
Q24.0,LA80.1
Q24.1,LA80.0
Q24.2,LA8Z
Q24.3,LA8A.6
Q24.4,LA8A.5
Q24.5,LA8C.Z
Q24.6,LA8Y
Q24.8,LA8Z
Q24.9,LA8Z
Q25,LA8B.Z
Q25.0,LA8B.4
Q25.1,LA8B.21
Q25.2,LA8B.22
Q25.3,LA8A.3
Q25.4,LA8B.2Z
Q25.5,LA8A.1Z
Q25.6,LA8B.1
Q25.7,LA8B.1
Q25.8,LA8B.Z
Q25.9,LA8B.Z
Q26,LA86.Z
Q26.0,LA86.Z
Q26.1,LA86.0
Q26.2,LA86.20
Q26.3,LA86.21
Q26.4,LA86.2Z
Q26.5,LA90.21
Q26.6,LA90.30
Q26.8,LA86.Z
Q26.9,LA86.Z
Q27,LA90.Z
Q27.0,LB03.1
Q27.1,LA90.40
Q27.2,LA90.Z
Q27.3,LA90.3Z
Q27.4,LC52
Q27.8,LA90.Z
Q27.9,LA90.Z
Q28,LA9Z
Q28.0,LA90.31
Q28.1,LA90.41
Q28.2,8B22.40
Q28.3,LA90.Z
Q28.8,LA9Z
Q28.9,LA9Z
Q30,LA70.Z
Q30.0,LA70.2
Q30.1,LA70.0
Q30.2,LA70.1
Q30.3,LA70.3
Q30.8,LA70.Z
Q30.9,LA70.Z
Q31,LA71.Z
Q31.0,LA71.Y
Q31.1,LA71.3
Q31.2,LA71.2
Q31.3,LA71.1
Q31.5,LA71.0
Q31.8,LA71.Z
Q31.9,LA71.Z
Q32,LA7Z
Q32.0,LA73.1
Q32.1,LA73.Z
Q32.2,LA74.1
Q32.3,LA74.0
Q32.4,LA74.Z
Q33,LA75.Z
Q33.0,LA75.4
Q33.1,LA75.0
Q33.2,LA75.6
Q33.3,LA75.1
Q33.4,LA75.Z
Q33.5,LA75.Z
Q33.6,LA75.2
Q33.8,LA75.Z
Q33.9,LA75.Z
Q34,LA7Z
Q34.0,LA76
Q34.1,LA77
Q34.8,LA7Z
Q34.9,LA7Z
Q35,LA42.Z
Q35.1,LA42.0
Q35.3,LA42.1
Q35.5,LA4Y
Q35.7,LA42.2
Q35.9,LA42.Z
Q36,LA40.Z
Q36.0,LA40.1
Q36.1,LA51
Q36.9,LA40.0
Q37,LA4Z
Q37.0,LA4Z
Q37.1,LA4Z
Q37.2,LA4Y
Q37.3,LA4Y
Q37.4,LA4Y
Q37.5,LA4Y
Q37.8,LA4Y
Q37.9,LA4Y
Q38,LD0Z
Q38.0,LA5Z
Q38.1,LA31.2
Q38.2,LA31.0
Q38.3,LA31.Z
Q38.4,LB10
Q38.5,LA5Z
Q38.6,LA31.Z
Q38.7,LB11
Q38.8,LB1Z
Q39,LB12.Z
Q39.0,LB12.1Z
Q39.1,LB12.1Y
Q39.2,LB12.2
Q39.3,LB12.3
Q39.4,LB12.Z
Q39.5,LB12.5
Q39.6,LB12.4
Q39.8,LB12.Z
Q39.9,LB12.Z
Q40,LB1Z
Q40.0,LB13.0
Q40.1,LB13.1
Q40.2,LB1Z
Q40.3,LB13.Z
Q40.8,LB1Z
Q40.9,LB1Z
Q41,LB1Z
Q41.0,LB14
Q41.1,LB15.1
Q41.2,LB15.1
Q41.8,LB1Z
Q41.9,LB1Z
Q42,LB16.0
Q42.0,LB17.Z
Q42.1,LB17.Z
Q42.2,LB17.Z
Q42.3,LB17.Z
Q42.8,LB17.Z
Q42.9,LB17.Z
Q43,LB1Z
Q43.0,LB15.0
Q43.1,LB16.1
Q43.2,LB1Z
Q43.3,LB18
Q43.4,LB1Z
Q43.5,LB17.1
Q43.6,LB1Z
Q43.7,LB17.2
Q43.8,LB1Z
Q43.9,LB1Z
Q44,LB20.Z
Q44.0,LB20.10
Q44.1,LB20.1Z
Q44.2,LB20.21
Q44.3,LB20.22
Q44.4,LB20.20
Q44.5,LB20.2Z
Q44.6,LB20.00
Q44.7,LB20.0Z
Q45,LB1Z
Q45.0,LB21.Z
Q45.1,LB21.0
Q45.2,LB21.Y
Q45.3,LB1Z
Q45.8,LB1Z
Q45.9,LB1Z
Q50,LB45.Z
Q50.0,LB45.0
Q50.1,LB45.2
Q50.2,LB45.3
Q50.3,LB45.Z
Q50.4,LB45.8
Q50.5,LB45.9
Q50.6,LB45.Z
Q51,KC0Z
Q51.0,LB44.0
Q51.1,LB44.3
Q51.2,LB44.3
Q51.3,LB44.3
Q51.4,LB44.2
Q51.5,LB43.1
Q51.6,LB43.0
Q51.7,LB44.5
Q51.8,KC0Z
Q51.9,KC0Z
Q52,KC0Z
Q52.0,LB42.0
Q52.1,LB42.1
Q52.2,LB42.2
Q52.3,LB42.4
Q52.4,LB42.Z
Q52.5,LB40.2
Q52.6,LB41.Z
Q52.7,LB40.Z
Q52.8,KC0Z
Q52.9,KC0Z
Q53,LB52.Z
Q53.0,LB52.0
Q53.1,LB52.1
Q53.2,LB52.2
Q53.9,LB52.Z
Q54,LB53.Z
Q54.0,LB53.0Z
Q54.1,LB53.1
Q54.2,LB53.2
Q54.3,LB53.4
Q54.4,LB54
Q54.8,LB53.Z
Q54.9,LB53.Z
Q55,LB5Z
Q55.0,LB51
Q55.1,LB59
Q55.2,LB5Z
Q55.3,LB57
Q55.4,LB5Z
Q55.5,LB50
Q55.6,LB5Z
Q55.8,LB5Z
Q55.9,LB5Z
Q56,LD2A.Z
Q56.0,LD2A.0
Q56.1,LD2A.Z
Q56.2,LD2A.Z
Q56.3,LD2A.Z
Q56.4,LD2A.Z
Q60,LB30.0Z
Q60.0,LB30.00
Q60.1,LB30.00
Q60.2,LB30.00
Q60.3,LB30.0Y
Q60.4,LB30.0Y
Q60.5,LB30.0Y
Q60.6,LB30.00
Q61,GB8Z
Q61.0,LB30.2
Q61.1,GB8Y
Q61.2,GB81
Q61.3,GB8Z
Q61.4,LB30.1
Q61.5,GB82
Q61.8,GB8Z
Q61.9,GB8Z
Q62,LB31.Z
Q62.0,LB31.0
Q62.1,LB31.8
Q62.2,LB31.1
Q62.3,LB31.Z
Q62.4,LB31.9
Q62.5,LB31.A
Q62.6,LB31.B
Q62.7,LB31.D
Q62.8,LB31.Z
Q63,LB30.Z
Q63.0,LB30.5
Q63.1,LB30.6Z
Q63.2,LB30.7
Q63.3,LB30.Z
Q63.8,LB30.Z
Q63.9,LB30.Z
Q64,LB3Z
Q64.0,LB55
Q64.1,LD0Z
Q64.2,LB31.2
Q64.3,LB31.2
Q64.4,LB03.0
Q64.5,LB31.C
Q64.6,LB31.4
Q64.7,LB31.Z
Q64.8,LB3Z
Q64.9,LB3Z
Q65,LB74.Z
Q65.0,LB74.0
Q65.1,LB74.0
Q65.2,LB74.0
Q65.3,LB74.1
Q65.4,LB74.1
Q65.5,LB74.1
Q65.6,LB74.2
Q65.8,LB74.Z
Q65.9,LB74.Z
Q66,LB98.Z
Q66.0,LB98.00
Q66.1,LB98.01
Q66.2,LB98.02
Q66.3,LB98.0Z
Q66.4,LB98.22
Q66.5,LB98.1
Q66.6,LB98.2Z
Q66.7,LB98.3
Q66.8,LB98.Z
Q66.9,LB98.Z
Q67,LD0Z
Q67.0,LA52
Q67.1,LA55
Q67.2,LB70.0Y
Q67.3,LB70.00
Q67.4,LD0Z
Q67.5,LB73.Z
Q67.6,LB73.13
Q67.7,LB73.13
Q67.8,LB73.Z
Q68,LD0Z
Q68.0,LA6Z
Q68.1,LB80.Z
Q68.2,LB93.Z
Q68.3,LB96.0
Q68.4,LB96.1
Q68.5,LB96.Z
Q68.8,LD0Z
Q69,LB78.Z
Q69.0,LB78.Z
Q69.1,LB78.0
Q69.2,LB78.3
Q69.9,LB78.Z
Q70,LB79.Z
Q70.0,LB79.0
Q70.1,LB79.1
Q70.2,LB79.2
Q70.3,LB79.3
Q70.4,LB78.1
Q70.9,LB79.Z
Q71,LB99.Z
Q71.0,LB99.0
Q71.1,LB99.4
Q71.2,LB99.5
Q71.3,LB99.6
Q71.4,LB99.2
Q71.5,LB99.3
Q71.6,LB99.8
Q71.8,LB99.Z
Q71.9,LB99.Z
Q72,LB9A.Z
Q72.0,LB9A.0
Q72.1,LB9A.3
Q72.2,LB9A.7
Q72.3,LB9A.4
Q72.4,LB9A.8
Q72.5,LB9A.1
Q72.6,LB9A.2
Q72.7,LB9A.6
Q72.8,LB9A.Z
Q72.9,LB9A.Z
Q73,LB9Z
Q73.0,LB9Z
Q73.1,LB9Z
Q73.8,LD24.0Z
Q74,LB9Z
Q74.0,LB9Z
Q74.1,LB9Z
Q74.2,LB9Z
Q74.3,LD26.41
Q74.8,LB9Z
Q74.9,LB9Z
Q75,LB9Z
Q75.0,LB70.0Z
Q75.1,LD25.3
Q75.2,LB71.1
Q75.3,LB70.3
Q75.4,LD2F.16
Q75.5,LB9Z
Q75.8,LB70.Z
Q75.9,LB70.Z
Q76,LB73.Z
Q76.0,LB73.0
Q76.1,LB73.20
Q76.2,LB73.2A
Q76.3,LB73.25
Q76.4,LB73.2Z
Q76.5,LB72.0
Q76.6,LB73.1Z
Q76.7,LB73.13
Q76.8,LB73.Z
Q76.9,LB73.Z
Q77,LD24.Z
Q77.0,LD24.50
Q77.1,LD24.02
Q77.2,LD24.BZ
Q77.3,LD24.04
Q77.4,LD24.00
Q77.5,LD24.03
Q77.6,LD27.0Y
Q77.7,LD24.3
Q77.8,LD24.Z
Q77.9,LD24.Z
Q78,LD24.Z
Q78.0,LD24.K0
Q78.1,FB80.0
Q78.2,LD24.10
Q78.3,LD24.1Y
Q78.4,2E83.Z
Q78.5,LD24.7
Q78.6,LD24.20
Q78.8,LD24.Z
Q78.9,LD24.Z
Q79,LD0Z
Q79.0,LB00.0
Q79.1,LD0Z
Q79.2,LB01
Q79.3,LB02
Q79.4,LD2F.10
Q79.5,LB0Z
Q79.6,LD28.1Z
Q79.8,LD0Z
Q79.9,LD0Z
Q80,EC20.Y
Q80.0,EC20.00
Q80.1,EC20.01
Q80.2,EC20.02
Q80.3,EC20.03
Q80.4,EC20.02
Q80.8,EC20.Y
Q80.9,EC20.Y
Q81,EC3Z
Q81.0,EC30
Q81.1,EC31
Q81.2,EC32
Q81.8,EC3Z
Q81.9,EC3Z
Q82,LC7Z
Q82.0,BD93.0
Q82.1,LD27.1
Q82.2,2A21.Z
Q82.3,LD27.00
Q82.4,LD27.02
Q82.5,LC7Z
Q82.8,LC7Z
Q82.9,LD27.Z
Q83,LB6Z
Q83.0,LB60
Q83.1,LB62
Q83.2,LB61
Q83.3,LB63
Q83.8,LB6Z
Q83.9,LB6Z
Q84,LC7Z
Q84.0,LC30
Q84.1,EC21.0
Q84.2,LC31
Q84.3,EC22.0
Q84.4,EC22.0
Q84.5,LC31
Q84.6,LC31
Q84.8,LC7Z
Q84.9,LC7Z
Q85,LD2D.Z
Q85.0,LD2D.10
Q85.1,LD2D.2
Q85.8,LD2D.Z
Q85.9,LD2D.Z
Q86,LD2F.Z
Q86.0,LD2F.00
Q86.1,LD2F.01
Q86.2,LD2F.02
Q86.8,LD2F.Z
Q87,LD2Z
Q87.0,LD2Z
Q87.1,LD2Z
Q87.2,LD2Z
Q87.3,LD2C
Q87.4,LD28.01
Q87.5,LB9Z
Q87.8,LD2Z
Q89,LD9Z
Q89.0,LB22.Z
Q89.1,LC8Z
Q89.2,LD0Z
Q89.3,LA82
Q89.4,LD2G
Q89.7,LD2Z
Q89.8,LD9Z
Q89.9,LD9Z
Q90,LD40.0
Q90.0,LD40.0
Q90.1,LD40.0
Q90.2,LD40.0
Q90.9,LD40.0
Q91,LD40.Z
Q91.0,LD40.2
Q91.1,LD40.2
Q91.2,LD40.2
Q91.3,LD40.2
Q91.4,LD40.1
Q91.5,LD40.1
Q91.6,LD40.1
Q91.7,LD40.1
Q92,LD7Z
Q92.0,LD43.0
Q92.1,LD43.1
Q92.2,LD41.Z
Q92.3,LD41.Z
Q92.4,LD41.Z
Q92.5,LD41.P
Q92.6,LD41.Q
Q92.7,LD42.Z
Q92.8,LD41.Z
Q92.9,LD41.Z
Q93,LD7Z
Q93.0,LD43.0
Q93.1,LD43.1
Q93.2,LD7Y
Q93.3,LD44.41
Q93.4,LD44.51
Q93.5,LD44.Z
Q93.6,LD44.Z
Q93.7,LD44.P
Q93.8,LD44.Z
Q93.9,LD44.Z
Q95,LD47.Z
Q95.0,LD47.0
Q95.1,LD47.1
Q95.2,LD47.2
Q95.3,LD47.3
Q95.4,LD47.Z
Q95.5,LD47.4
Q95.8,LD47.Z
Q95.9,LD47.Z
Q96,LD50.04
Q96.0,LD50.00
Q96.1,LD50.01
Q96.2,LD50.02
Q96.3,LD50.03
Q96.4,LD50.04
Q96.8,LD50.04
Q96.9,LD50.04
Q97,LD7Z
Q97.0,LD50.1
Q97.1,LD50.Y
Q97.2,LD50.2
Q97.3,LD2A.1
Q97.8,LD5Z
Q97.9,LD5Z
Q98,LD5Z
Q98.0,LD50.30
Q98.1,LD50.31
Q98.2,LD50.3Z
Q98.3,LD52.0
Q98.4,LD50.3Z
Q98.5,LD52.1
Q98.6,LD53
Q98.7,LD54
Q98.8,LD5Z
Q98.9,LD5Z
Q99,LD7Z
Q99.0,LD56.Z
Q99.1,LD56.Z
Q99.2,LD55
Q99.8,LD7Z
Q99.9,LD7Z
R00,MC81.Z
R00.0,MC81.Z
R00.1,MC81.1
R00.2,MC81.2
R00.3,MC81.4
R00.8,MC81.Z
R01,MC83.Z
R01.0,MC83.0
R01.1,MC83.Z
R01.2,MC83.1
R02,MC85
R03,MC80.Z
R03.0,MC80.0Z
R03.1,MC80.1
R04,MD2Z
R04.0,MD20
R04.1,MD21
R04.2,MD22
R04.8,MD23
R04.9,MD2Z
R05,MD12
R06,MD11.Z
R06.0,MD11.5
R06.1,MD11.B
R06.2,MD11.C
R06.3,MD11.4
R06.4,MD11.7
R06.5,MD11.8Z
R06.6,MD11.6
R06.7,MD11.A
R06.8,MD11.Z
R07,MD30.Z
R07.0,MD36.0
R07.1,MD30.0
R07.2,MC86
R07.3,MD30.1
R07.4,MD30.Z
R09,MD3Y
R09.0,MD11.1
R09.1,MD31
R09.2,MD33
R09.3,MD10
R09.8,MD3Y
R10,MD81.4
R10.0,MD81.3
R10.1,MD81.10
R10.2,MD81.11
R10.3,MD81.12
R10.4,MD81.4
R11,MD90.1
R12,MD95
R13,MD93
R14,ME08
R15,ME07.Z
R16,ME10.00
R16.0,ME10.00
R16.1,ME10.01
R16.2,ME10.02
R17,ME1Y
R17.0,ME10.1
R17.9,5C58.0Y
R18,ME04.Z
R19,ME1Y
R19.0,MD82
R19.1,ME03.Z
R19.2,ME0A
R19.3,ME02
R19.4,ME05.Z
R19.5,ME0Y
R19.6,MD94
R19.8,ME1Y
R20,ME65.Y
R20.0,MB40.3
R20.1,MB40.3
R20.2,MB40.4
R20.3,MB40.5
R20.8,ME65.Y
R21,ME62.Y
R22,ME61
R22.0,ME61
R22.1,ME61
R22.2,ME61
R22.3,ME61
R22.4,ME61
R22.7,ME61
R22.9,ME61
R23,ME64.1
R23.0,ME64.1
R23.1,ME64.2
R23.2,ME64.4
R23.3,ME64.1
R23.4,ME66.1
R23.8,ME64.1
R25,MB46.Z
R25.0,MB46.1
R25.1,8A04.Y
R25.2,MB47.3
R25.3,MB47.5
R25.8,MB46.Z
R26,MB44.Z
R26.0,MB44.0
R26.1,MB44.1
R26.2,MB44.2
R26.3,MB44.3
R26.8,MB44.Z
R27,MB45.Z
R27.0,MB45.0
R27.8,MB45.Z
R29,MB47.Z
R29.0,MB47.D
R29.1,MB47.6
R29.2,MB47.0
R29.3,MB47.1
R29.4,ME80
R29.6,MB47.C
R29.8,MB47.Z
R30,MF50.Z
R30.0,MF50.7
R30.1,MF50.8
R30.9,MF50.Y
R31,MF50.4Z
R32,MF50.2Z
R33,MF50.3
R34,MF51
R35,MF55
R36,MF58
R39,MF5Y
R39.0,MF50.5
R39.1,MF50.6Z
R39.2,MF53
R39.8,MF50.Z
R40,MB20.Y
R40.0,MG42
R40.1,MB20.0
R40.2,MB20.1
R41,MB21.Z
R41.0,MB21.4
R41.1,MB21.10
R41.2,MB21.11
R41.3,6D72.Y
R41.8,MB21.0
R42,MB48.Z
R43,MB41.Z
R43.0,MB41.0
R43.1,MB41.1
R43.2,MB41.2
R43.8,MB41.Z
R44,MB27.Z
R44.0,MB27.20
R44.1,MB27.27
R44.2,MB27.2Z
R44.3,MB27.2Z
R44.8,MB27.Z
R45,MB2Y
R45.0,MB24.3
R45.1,MB24.F
R45.2,MB24.Z
R45.3,MB2Y
R45.4,MB24.C
R45.5,MB24.Z
R45.6,MB23.0
R45.7,MB24.Z
R45.8,MB2Y
R46,MB23.Z
R46.0,MB23.J
R46.1,MB23.F
R46.2,MB23.6
R46.3,MB22.5
R46.4,MB23.N
R46.5,MB26.9
R46.6,MB23.Z
R46.7,MB25.00
R46.8,MB23.Z
R47,MA80.Z
R47.0,MA80.Z
R47.1,MA80.2Z
R47.8,MA80.Z
R48,MB4B.Z
R48.0,MB4B.0
R48.1,MB4B.1
R48.2,MB4A
R48.8,MB4B.Z
R49,MA82.Z
R49.0,MA82.1Z
R49.1,MA82.0
R49.2,MA82.2
R49.8,MA82.Z
R50,MG26
R50.2,MG26
R50.8,MG26
R50.9,MG26
R51,8A8Z
R52,MG3Z
R52.0,MG31.Z
R52.1,MG30.Z
R52.2,MG30.Z
R52.9,MG3Z
R53,MG4Y
R54,MG2A
R55,MG45.Z
R56,8A68.Z
R56.0,8A63.0Z
R56.8,8A68.Z
R57,MG40.Z
R57.0,MG40.0
R57.1,MG40.1
R57.2,1G41
R57.8,MG40.Z
R57.9,MG40.Z
R58,MG27
R59,MA01.Z
R59.0,MA01.0
R59.1,MA01.1
R59.9,MA01.Z
R60,MG29.Z
R60.0,MG29.0Y
R60.1,MG29.1Y
R60.9,MG29.Z
R61,EE00.Z
R61.0,EE00.0Z
R61.1,EE00.1
R61.9,EE00.Z
R62,MG44.1Z
R62.0,MG44.10
R62.8,MG44.1Z
R62.9,MG44.1Z
R63,MG43.Y
R63.0,MG43.7
R63.1,MG43.0
R63.2,MG43.1
R63.3,MG43.3Z
R63.4,MG43.5
R63.5,MG43.6
R63.6,MG43.4Z
R63.8,MG43.Y
R64,MG20.Z
R65,1H0Z
R65.0,1H0Z
R65.1,1H0Z
R65.2,MG46
R65.3,MG46
R65.9,1H0Z
R68,MG4Y
R68.0,MG28
R68.1,MG44.0
R68.2,DA02.1
R68.3,EE10.0
R68.8,MG4Y
R69,MG48
R70,MA1A.1
R70.0,MA1A.0
R70.1,MA1A.1
R71,MA16.0Z
R72,MA16.1Z
R73,MA18.0Z
R73.0,MA18.00
R73.9,MA18.0Z
R74,MA10.2
R74.0,MA10.0
R74.8,MA10.1
R74.9,MA10.2
R75,MA14.0
R76,MA14.1E
R76.0,MA14.1C
R76.1,MA14.10
R76.2,MA14.16
R76.8,MA14.1E
R76.9,MA14.1E
R77,MA19.Z
R77.0,MA19.0
R77.1,MA19.2
R77.2,MA19.1
R77.8,MA19.Z
R77.9,MA19.Z
R78,MA1Y
R78.0,MA13.1
R78.1,MA12.0
R78.2,MA12.1
R78.3,MA12.2
R78.4,MA12.Y
R78.5,MA12.3
R78.6,MA12.4
R78.7,MA13.0Y
R78.8,MA1Y
R78.9,MA1Y
R79,MA0Y
R79.0,MA18.1
R79.8,MA18.Z
R79.9,MA18.Z
R80,MF96.Z
R81,MF93
R82,MF9Y
R82.0,MF92
R82.1,MF95
R82.2,MF91
R82.3,MF94
R82.4,MF90
R82.5,MF99
R82.6,MF9A
R82.7,MF9B
R82.8,MF9C
R82.9,MF9Y
R83,MB70.Z
R84,MD40.Y
R85,ME20.Z
R86,MF7Z
R87,MF6Z
R89,MG6Y
R90,MB71.Z
R90.0,MB71.0
R90.8,MB71.Z
R91,MD41
R92,MG00
R93,MH2Y
R93.0,ME90
R93.1,MC90
R93.2,ME21
R93.3,ME22
R93.4,MG01
R93.5,ME2Y
R93.6,ME91
R93.7,ME92.Z
R94,MH2Y
R94.0,MB72
R94.1,MC21.Z
R94.2,MD42
R94.3,MC91
R94.4,MG02
R94.5,ME23
R94.6,MA50
R94.7,MA51
R94.8,MG72
R95,MH11.Z
R95.0,MH11.0
R95.9,MH11.1
R96,MH12.Y
R96.0,MH12.0
R96.1,MH12.1
R98,MH13
R99,MH14
S00,NA00.Z
S00.0,NA00.0Z
S00.1,NA00.11
S00.2,NA00.1Z
S00.3,NA00.3
S00.4,NA00.2
S00.5,NA00.4
S00.7,NA00.5
S00.8,NA00.Z
S00.9,NA00.Z
S01,NA01.Z
S01.0,NA01.Z&XA6CW5
S01.1,NA06.04
S01.2,NA01.Z&XA3H13
S01.3,NA01.Z&XA01U5
S01.4,NA01.Z
S01.5,NA01.Z
S01.7,NA01.7
S01.8,NA01.Z
S01.9,NA01.Z
S02,NA02.Z
S02.0,NA02.0Z
S02.1,NA02.1Z
S02.2,NA02.3
S02.3,NA02.21
S02.4,NA02.4Z
S02.5,NA02.Z
S02.6,NA02.7Z
S02.7,NA02.8
S02.8,NA02.Z
S02.9,NA02.Z
S03,NA03.Z
S03.0,NA03.0
S03.1,NA03.1
S03.2,NA03.Z
S03.3,NA03.Z
S03.4,NA03.3
S03.5,NA03.Z
S04,NA04.Z
S04.0,NA04.1Z
S04.1,NA04.2
S04.2,NA04.3
S04.3,NA04.4
S04.4,NA04.5
S04.5,NA04.6
S04.6,NA04.7
S04.7,NA04.A
S04.8,NA04.Z
S04.9,NA04.Z
S05,NA06.Z
S05.0,NA06.4
S05.1,NA06.9
S05.2,NA06.87
S05.3,NA06.8D
S05.4,NA06.1
S05.5,NA06.8Y&XK70
S05.6,NA06.84
S05.7,NA06.85
S05.8,NA06.Z
S05.9,NA06.Z
S06,NA07.Z
S06.0,NA07.0Z
S06.1,NA07.2Z
S06.2,NA07.3Z
S06.3,NA07.4Z
S06.4,NA07.5
S06.5,NA07.6Z
S06.6,NA07.7
S06.7,8E2Z
S06.8,NA07.Z
S06.9,NA07.Z
S07,NA08.Z
S07.0,NA08.1
S07.1,NA08.2
S07.8,NA08.Z
S07.9,NA08.Z
S08,NA09.Z
S08.0,NA09.0
S08.1,NA09.1Z
S08.8,NA09.Z
S08.9,NA09.Z
S09,NA0A.Y
S09.0,NA05.Z
S09.1,NA0A.1Z
S09.2,NA0A.2
S09.7,NA0A.3
S09.8,NA0A.Y
S09.9,NA0A.Y
S10,NA20.Z
S10.0,NA20.1
S10.1,NA20.2
S10.7,NA20.3
S10.8,NA20.Z
S10.9,NA20.Z
S11,NA21.Z
S11.0,NA21.Z
S11.1,NA21.Z
S11.2,NA21.Z
S11.7,NA21.5
S11.8,NA21.Z
S11.9,NA21.Z
S12,NA22.Z
S12.0,NA22.0Z
S12.1,NA22.1Z
S12.2,NA22.Z
S12.7,NA22.3
S12.8,NA22.Z
S12.9,NA22.Z
S13,NA23.Z
S13.0,NA23.0
S13.1,NA23.1Z
S13.2,NA23.2
S13.3,NA23.3
S13.4,NA23.4Z
S13.5,NA23.5
S13.6,NA23.Z
S14.0,NA30
S14.1,NA31.5
S14.2,NA40
S14.3,NA41.Z
S14.4,NA42.Z
S14.5,NA43
S15,NA60.Z
S15.0,NA60.0Z
S15.1,NA60.1Z
S15.2,NA60.2Z
S15.3,NA60.3Z
S15.7,NA60.4
S15.8,NA60.Z
S15.9,NA60.Z
S16,NA61.Z
S17,NA62.Z
S17.0,NA62.0
S17.8,NA62.Z
S17.9,NA62.Z
S18,NA63
S19,NA6Z
S19.7,NA64
S19.8,NA6Z
S19.9,NA6Z
S20,NA80.Z
S20.0,NA80.1
S20.1,NA80.2
S20.2,NA80.6
S20.3,NA80.3
S20.4,NA80.4
S20.7,NA80.7
S20.8,NA80.Z
S21,NA81.Z
S21.0,NA81.Y&XA12C1
S21.1,NA81.Z&XA00R3
S21.2,NA81.Z&XA10L7
S21.7,NA81.5
S21.8,NA81.Z
S21.9,NA81.Z
S22,NA82.Z
S22.0,NA82.0
S22.1,NA82.1
S22.2,NA82.2
S22.3,NA82.3Z
S22.4,NA82.4
S22.5,NA82.5
S22.8,NA82.Z
S22.9,NA82.Z
S23,NA83.Z
S23.0,NA83.0
S23.1,NA83.1
S23.2,NA83.2
S23.3,NA83.3
S23.4,NA83.43
S23.5,NA83.Z
S24,NB2Z
S24.0,NA90
S24.1,NA91.5
S24.2,NB00
S24.3,NB01
S24.4,NB02
S24.5,NB2Z
S24.6,NB2Z
S25,NB30.Z
S25.0,NB30.0Z
S25.1,NB30.1Z
S25.2,NB30.2Z
S25.3,NB30.3Z
S25.4,NB30.4Z
S25.5,NB30.5Z
S25.7,NB30.6
S25.8,NB30.Z
S25.9,NB30.Z
S26,NB31.Z
S26.0,NB31.0Z
S26.8,NB31.Z
S26.9,NB31.Z
S27,NB32.Z
S27.0,NB32.0
S27.1,NB32.1
S27.2,NB32.2
S27.3,NB32.3Z
S27.4,NB32.4Z
S27.5,NB32.5Z
S27.6,NB32.6Z
S27.7,NB32.7
S27.8,NB32.Z
S27.9,NB32.Z
S28,NB33.2
S28.0,NB33.0
S28.1,NB33.2
S29,NB3Z
S29.0,NB34.Z
S29.7,NB35
S29.8,NB3Z
S29.9,NB3Z
S30,NB50.Z
S30.0,NB50.1
S30.1,NB50.3
S30.2,NB50.5
S30.7,NB50.6
S30.8,NB50.Z
S30.9,NB50.Z
S31,NB51.Z
S31.0,NB51.Z
S31.1,NB51.Z&XA3KX0
S31.2,NB51.Z&XA7QV2
S31.3,NB51.Z
S31.4,NB51.Z
S31.5,NB51.Z
S31.7,NB51.5
S31.8,NB51.Z
S32,NB52.Z
S32.0,NB52.0
S32.1,NB52.10
S32.2,NB52.11
S32.3,NB52.12
S32.4,NB52.13
S32.5,NB52.14
S32.7,NB52.4
S32.8,NB52.Z
S33,NB53.Z
S33.0,NB53.0
S33.1,NB53.1
S33.2,NB53.2
S33.3,NB53.3
S33.4,NB53.4
S33.5,NB53.5
S33.6,NB53.6
S33.7,NB53.Z
S34.0,NB60
S34.1,NB62.6
S34.2,NB70
S34.3,NB72
S34.4,NB73
S34.5,NB74
S34.6,NB75
S35,NB90.Z
S35.0,NB90.0Z
S35.1,NB90.1Z
S35.2,NB90.2Z
S35.3,NB90.4Z
S35.4,NB90.5Z
S35.5,NB90.6Z
S35.7,NB90.7
S35.8,NB90.Z
S35.9,NB90.Z
S36,NB91.Z
S36.0,NB91.0Z
S36.1,NB91.1Z
S36.2,NB91.4Z
S36.3,NB91.5Z
S36.4,NB91.7Z
S36.5,NB91.8Z
S36.6,NB91.9Z
S36.7,NB91.B
S36.8,NB91.Z
S36.9,NB91.Z
S37,NB92.Z
S37.0,NB92.0Z
S37.1,NB92.1Z
S37.2,NB92.2Z
S37.3,NB92.3Z
S37.4,NB92.4Z
S37.5,NB92.5
S37.6,NB92.6
S37.7,NB92.8
S37.8,NB92.Z
S37.9,NB92.Z
S38,NB93.1
S38.0,NB93.0Z
S38.1,NB93.1
S38.2,NB93.2Z
S38.3,NB93.3
S39,NB9Z
S39.0,NB94.Z
S39.6,NB95
S39.7,NB96
S39.8,NB9Z
S39.9,NB9Z
S40,NC10.Z
S40.0,NC10.1
S40.7,NC10.2
S40.8,NC10.Z
S40.9,NC10.Z
S41,NC11.Z
S41.0,NC11.Z
S41.1,NC11.Z
S41.7,NC11.5
S41.8,NC11.Z
S42,NC12.Z
S42.0,NC12.0Z
S42.1,NC12.1Z
S42.2,NC12.2Z
S42.3,NC12.3
S42.4,NC12.4Z
S42.7,NC12.5
S42.8,NC12.Z
S42.9,NC12.Z
S43,NC13.Z
S43.0,NC13.0
S43.1,NC13.1
S43.2,NC13.2
S43.3,NC13.4
S43.4,NC13.5
S43.5,NC13.6
S43.6,NC13.7
S43.7,NC13.8
S44,NC14.Z
S44.0,NC14.0
S44.1,NC14.1
S44.2,NC14.2
S44.3,NC14.3
S44.4,NC14.4
S44.5,NC14.5
S44.7,NC14.6
S44.8,NC14.Z
S44.9,NC14.Z
S45,NC15.Z
S45.0,NC15.0Z
S45.1,NC15.1Z
S45.2,NC15.2Z
S45.3,NC15.3Z
S45.7,NC15.4
S45.8,NC15.Z
S45.9,NC15.Z
S46,NC16.Z
S46.0,NC16.0Z
S46.1,NC16.1Z
S46.2,NC16.2Z
S46.3,NC16.3Z
S46.7,NC16.4Z
S46.8,NC16.Z
S46.9,NC16.Z
S47,NC17
S48,NC18.Z
S48.0,NC18.0
S48.1,NC18.3
S48.9,NC18.Z
S49,NC1Y
S49.7,NC19
S49.8,NC1Y
S49.9,NC1Y
S50,NC30.Z
S50.0,NC30.1
S50.1,NC30.3
S50.7,NC30.4
S50.8,NC30.Z
S50.9,NC30.Z
S51,NC31.Z
S51.0,NC31.Z
S51.7,NC31.5
S51.8,NC31.Z
S51.9,NC31.Z
S52,NC32.Z
S52.0,NC32.0
S52.1,NC32.1
S52.2,NC32.2
S52.3,NC32.3
S52.4,NC32.4
S52.5,NC32.5Z
S52.6,NC32.6
S52.7,NC32.7
S52.8,NC32.Z
S52.9,NC32.Z
S53,NC33.Z
S53.0,NC33.0
S53.1,NC33.1
S53.2,NC33.2
S53.3,NC33.3
S53.4,NC33.4
S54,NC34.Z
S54.0,NC34.0
S54.1,NC34.1
S54.2,NC34.2
S54.3,NC34.3
S54.7,NC34.4
S54.8,NC34.Z
S54.9,NC34.Z
S55,NC35.Z
S55.0,NC35.0Z
S55.1,NC35.1Z
S55.2,NC35.2Z
S55.7,NC35.3
S55.8,NC35.Z
S55.9,NC35.Z
S56,NC36.Z
S56.0,NC36.0Z
S56.1,NC36.1Z
S56.2,NC36.2Z
S56.3,NC36.3Z
S56.4,NC36.4Z
S56.5,NC36.5Z
S56.7,NC36.6
S56.8,NC36.Z
S57,NC37.Z
S57.0,NC37.0
S57.8,NC37.Z
S57.9,NC37.Z
S58,NC38.Z
S58.0,NC38.0
S58.1,NC38.3
S58.9,NC38.Z
S59,NC3Z
S59.7,NC39
S59.8,NC3Z
S59.9,NC3Z
S60,NC51.2
S60.0,NC51.01
S60.1,NC51.2
S60.2,NC51.10
S60.7,NC51.2
S60.8,NC51.2
S60.9,NC51.2
S61,NC52.2
S61.0,NC52.0Z
S61.1,NC52.2
S61.7,NC52.2
S61.8,NC52.2
S61.9,NC52.2
S62,NC53.Z
S62.0,NC53.0
S62.1,NC53.1
S62.2,NC53.2
S62.3,NC53.3Z
S62.4,NC53.4
S62.5,NC53.5
S62.6,NC53.6Z
S62.7,NC53.7
S62.8,NC53.Z
S63,NC54.Z
S63.0,NC54.0Z
S63.1,NC54.2Z
S63.2,NC54.3
S63.3,NC54.4Z
S63.4,NC54.5Z
S63.5,NC54.6Z
S63.6,NC54.8Z
S63.7,NC54.Z
S64,NC55.Z
S64.0,NC55.0
S64.1,NC55.1
S64.2,NC55.2
S64.3,NC55.Y&XA37M8
S64.4,NC55.Y&XA37M8
S64.7,NC55.3
S64.8,NC55.Z
S64.9,NC55.Z
S65,NC56.Z
S65.0,NC56.0Z
S65.1,NC56.1Z
S65.2,NC56.2Z
S65.3,NC56.3Z
S65.4,NC56.4Z
S65.5,NC56.5Z
S65.7,NC56.6Z
S65.8,NC56.Z
S65.9,NC56.Z
S66,NC57.Z
S66.0,NC57.0Z
S66.1,NC57.1Z
S66.2,NC57.2Z
S66.3,NC57.3Z
S66.4,NC57.4Z
S66.5,NC57.5Z
S66.6,NC57.6
S66.7,NC57.7
S66.8,NC57.Z
S66.9,NC57.Z
S67,NC58.Z
S67.0,NC58.0
S67.8,NC58.Z
S68,NC59.Z
S68.0,NC59.0Z
S68.1,NC59.1
S68.2,NC59.2Z
S68.3,NC59.3
S68.4,NC59.Z&XK9K
S68.8,NC59.Z
S68.9,NC59.Z
S69,NC5Y
S69.7,NC5A.Z
S69.8,NC5Y
S69.9,NC5Y
S70,NC70.Z
S70.0,NC70.1
S70.1,NC70.3
S70.7,NC70.4
S70.8,NC70.Z
S70.9,NC70.Z
S71,NC71.Z
S71.0,NC71.Z
S71.1,NC71.Z
S71.7,NC71.5
S71.8,NC71.Z
S72,NC72.Z
S72.0,NC72.2Z
S72.1,NC72.3Z
S72.2,NC72.4
S72.3,NC72.5
S72.4,NC72.6Z
S72.7,NC72.7
S72.8,NC72.8
S72.9,NC72.Z
S73,NC73.1
S73.0,NC73.0Z
S73.1,NC73.1Z
S74,NC74.Z
S74.0,NC74.0
S74.1,NC74.1
S74.2,NC74.2
S74.7,NC74.3
S74.8,NC74.Z
S74.9,NC74.Z
S75,NC75.Z
S75.0,NC75.0Z
S75.1,NC75.1Z
S75.2,NC75.2Z
S75.7,NC75.3
S75.8,NC75.Z
S75.9,NC75.Z
S76,NC76.Z
S76.0,NC76.0Z
S76.1,NC76.1Z
S76.2,NC76.2Z
S76.3,NC76.3Z
S76.4,NC76.Y
S76.7,NC76.4Z
S77,NC77.Z
S77.0,NC77.0
S77.1,NC77.1
S77.2,NC77.2
S78,NC78.Z
S78.0,NC78.0
S78.1,NC78.3
S78.9,NC78.Z
S79,NC7Y
S79.7,NC79
S79.8,NC7Y
S79.9,NC7Y
S80,NC90.Z
S80.0,NC90.1
S80.1,NC90.3
S80.7,NC90.4
S80.8,NC90.Z
S80.9,NC90.Z
S81,NC91.Z
S81.0,NC91.Z
S81.7,NC91.5
S81.8,NC91.Z
S81.9,NC91.Z
S82,NC92.Z
S82.0,NC92.0
S82.1,NC92.1Z
S82.2,NC92.2
S82.3,NC92.3
S82.4,NC92.4Z
S82.5,NC92.5
S82.6,NC92.6
S82.7,NC92.8
S82.8,NC92.Z
S82.9,NC92.Z
S83,NC93.Z
S83.0,NC93.1Z
S83.1,NC93.2Z
S83.2,NC93.3Z
S83.3,NC93.4
S83.4,NC93.5Z
S83.5,NC93.6Z
S83.6,NC93.7
S83.7,NC93.8
S84,NC94.Z
S84.0,NC94.0
S84.1,NC94.1
S84.2,NC94.2
S84.7,NC94.3
S84.8,NC94.Z
S84.9,NC94.Z
S85,NC95.Z
S85.0,NC95.0Z
S85.1,NC95.1Z
S85.2,NC95.3Z
S85.3,NC95.4Z
S85.4,NC95.5Z
S85.5,NC95.6Z
S85.7,NC95.7
S85.8,NC95.Z
S85.9,NC95.Z
S86,NC96.Z
S86.0,NC96.0Z
S86.1,NC96.1Z
S86.2,NC96.2Z
S86.3,NC96.3Z
S86.7,NC96.4
S86.8,NC96.Z
S86.9,NC96.Z
S87,NC97.Z
S87.0,NC97.0
S87.8,NC97.Z
S88,NC98.Z
S88.0,NC98.Z
S88.1,NC98.Z
S88.9,NC98.Z
S89,NC9Z
S89.7,NC99
S89.8,NC9Z
S89.9,NC9Z
S90,ND11.Z
S90.0,ND11.1
S90.1,ND11.6
S90.2,ND1Z
S90.3,ND11.8
S90.7,ND11.C
S90.8,ND11.Z
S90.9,ND11.Z
S91,ND12.Z
S91.0,ND12.Z
S91.1,ND12.6Z
S91.2,ND12.Z
S91.3,ND12.Z
S91.7,ND12.5
S92,ND13.Z
S92.0,ND13.0
S92.1,ND13.1
S92.2,ND13.2
S92.3,ND13.3
S92.4,ND13.4
S92.5,ND13.5
S92.7,ND13.6
S92.9,ND13.Z
S93,ND14.Z
S93.0,ND14.0
S93.1,ND14.1Z
S93.2,ND14.5
S93.3,ND14.6
S93.4,ND14.7Z
S93.5,ND14.8Z
S93.6,ND14.A
S94,ND15.Z
S94.0,ND15.0
S94.1,ND15.1
S94.2,ND15.2
S94.3,ND15.3
S94.7,ND15.4
S94.8,ND15.Z
S94.9,ND15.Z
S95,ND16.Z
S95.0,ND16.0Z
S95.1,ND16.1Z
S95.2,ND16.2Z
S95.7,ND16.3
S95.8,ND16.Z
S95.9,ND16.Z
S96,ND17.Z
S96.0,ND17.0Z
S96.1,ND17.1Z
S96.2,ND17.2Z
S96.7,ND17.3
S96.8,ND17.Z
S96.9,ND17.Z
S97,ND18.Z
S97.0,ND18.0
S97.1,ND18.1
S97.8,ND18.2
S98,ND19.Z
S98.0,ND19.0
S98.1,ND19.6
S98.2,ND19.7
S98.3,ND19.8
S98.4,ND19.Z
S99,ND1Z
S99.7,ND1A
S99.8,ND1Z
S99.9,ND1Z
T00,ND30
T00.0,ND30
T00.1,ND30
T00.2,ND30
T00.3,ND30
T00.6,ND30
T00.8,ND30
T00.9,ND30
T01,ND31
T01.0,ND31
T01.1,ND31
T01.2,ND31
T01.3,ND31
T01.6,ND31
T01.8,ND31
T01.9,ND31
T02,ND32
T02.0,ND32
T02.1,ND32
T02.2,ND32
T02.3,ND32
T02.4,ND32
T02.5,ND32
T02.6,ND32
T02.7,ND32
T02.8,ND32
T02.9,ND32
T03,ND33
T03.0,ND33
T03.1,ND33
T03.2,ND33
T03.3,ND33
T03.4,ND33
T03.8,ND33
T03.9,ND33
T04,ND34
T04.0,ND34
T04.1,ND34
T04.2,ND34
T04.3,ND34
T04.4,ND34
T04.7,ND34
T04.8,ND34
T04.9,ND34
T05,ND35
T05.0,ND35
T05.1,ND35
T05.2,ND35
T05.3,ND35
T05.4,ND35
T05.5,ND35
T05.6,ND35
T05.8,ND35
T05.9,ND35
T06,ND36
T06.0,ND36
T06.1,ND36
T06.2,ND36
T06.3,ND36
T06.4,ND36
T06.5,ND36
T06.8,ND36
T07,ND37
T08,ND50
T09,ND51.Z
T09.0,ND51.Z
T09.1,ND51.Z
T09.2,ND51.0
T09.3,ND51.Z
T09.4,ND51.1
T09.5,ND51.3
T09.6,ND51.Z
T09.8,ND51.Z
T09.9,ND51.Z
T10,ND52
T11,ND53.Y
T11.0,ND53.Y
T11.1,ND53.Y
T11.2,ND53.Y
T11.3,NC14.Z
T11.4,NC15.Z
T11.5,NC16.Z
T11.6,ND53.Y
T11.8,ND53.Y
T11.9,ND5Z
T12,ND54
T13,ND55
T13.0,ND55
T13.1,ND55
T13.2,ND55
T13.3,NC94.Z
T13.4,NC95.Z
T13.5,NC96.Z
T13.6,ND55
T13.8,ND55
T13.9,ND5Z
T14,ND56.Z
T14.0,ND56.0
T14.1,ND56.1
T14.2,ND56.2
T14.3,ND56.3
T14.4,ND56.4
T14.5,ND56.5
T14.6,ND56.6
T14.7,ND56.8
T14.8,ND56.Z
T14.9,ND56.Z
T15,ND70.Z
T15.0,ND70.0
T15.1,ND70.1
T15.8,ND70.2
T15.9,ND70.Z
T16,ND71
T17,ND72.Z
T17.0,ND72.0
T17.1,ND72.1
T17.2,ND72.2Z
T17.3,ND72.3
T17.4,ND72.4
T17.5,ND72.5
T17.8,ND72.6
T17.9,ND72.Z
T18,ND73.Z
T18.0,ND73.0
T18.1,ND73.1
T18.2,ND73.2Z
T18.3,ND73.3
T18.4,ND73.4
T18.5,ND73.5
T18.8,ND73.Z
T18.9,ND73.Z
T19,ND74.Z
T19.0,ND74.0
T19.1,ND74.1
T19.2,ND74.2
T19.3,ND74.3
T19.8,ND74.Z
T19.9,ND74.Z
T20,ND90.Z
T20.0,ND90.Z
T20.1,ND90.0
T20.2,ND90.Z
T20.3,ND90.3
T20.4,ND90.Z
T20.5,ND90.0
T20.6,ND90.Z
T20.7,ND90.Z
T21,ND92.Z
T21.0,ND92.Z
T21.1,ND92.0Z
T21.2,ND92.Z
T21.3,ND92.Z
T21.4,ND92.Z
T21.5,ND92.0Z
T21.6,ND92.Z
T21.7,ND92.Z
T22,ND94.Z
T22.0,ND94.Z
T22.1,ND94.0
T22.2,ND94.Z
T22.3,ND94.3
T22.4,ND94.Z
T22.5,ND94.0
T22.6,ND94.Z
T22.7,ND94.3
T23,ND95.Z
T23.0,ND95.Z
T23.1,ND95.0
T23.2,ND95.Z
T23.3,ND95.3
T23.4,ND95.Z
T23.5,ND95.0
T23.6,ND95.Z
T23.7,ND95.3
T24,ND96.Z
T24.0,ND96.Z
T24.1,ND96.0
T24.2,ND96.Z
T24.3,ND96.3
T24.4,ND96.Z
T24.5,ND96.0
T24.6,ND96.Z
T24.7,ND96.3
T25,ND97.Z
T25.0,ND97.Z
T25.1,ND97.0
T25.2,ND97.Z
T25.3,ND97.3
T25.4,ND97.Z
T25.5,ND97.0
T25.6,ND97.Z
T25.7,ND97.3
T26,NE00
T26.0,NE00
T26.1,NE00
T26.2,NE00
T26.3,NE00
T26.4,NE00
T26.5,NE00
T26.6,NE00
T26.7,NE00
T26.8,NE00
T26.9,NE00
T27,NE01
T27.0,NE01
T27.1,NE01
T27.2,NE01
T27.3,NE01
T27.4,NE01
T27.5,NE01
T27.6,NE01
T27.7,NE01
T28,NE02
T28.0,NE02
T28.1,NE02
T28.2,NE02
T28.3,NE02
T28.4,NE02
T28.5,NE02
T28.6,NE02
T28.7,NE02
T28.8,NE02
T28.9,NE02
T29,NE10
T29.0,NE10
T29.1,NE10
T29.2,NE10
T29.3,NE10
T29.4,NE10
T29.5,NE10
T29.6,NE10
T29.7,NE10
T30,NE11
T30.0,NE11
T30.1,NE11
T30.2,NE11
T30.3,NE11
T30.4,NE11
T30.5,NE11
T30.6,NE11
T30.7,NE11
T31.0,XJ4PF
T31.1,XJ257
T31.2,XJ5GA
T31.3,XJ7ZW
T31.4,XJ3R2
T31.5,XJ19C
T31.6,XJ4B7
T31.7,XJ7F7
T31.8,XJ1HD
T31.9,XJ9JX
T32.0,XJ4PF
T32.1,XJ257
T32.2,XJ5GA
T32.3,XJ7ZW
T32.4,XJ3R2
T32.5,XJ19C
T32.6,XJ4B7
T32.7,XJ7F7
T32.8,XJ1HD
T32.9,XJ9JX
T33,NE40
T33.0,NE40
T33.1,NE40
T33.2,NE40
T33.3,NE40
T33.4,NE40
T33.5,NE40
T33.6,NE40
T33.7,NE40
T33.8,NE40
T33.9,NE40
T34,NE41
T34.0,NE41
T34.1,NE41
T34.2,NE41
T34.3,NE41
T34.4,NE41
T34.5,NE41
T34.6,NE41
T34.7,NE41
T34.8,NE41
T34.9,NE41
T35,NE42
T35.0,NE42
T35.1,NE42
T35.2,NE42
T35.3,NE42
T35.4,NE42
T35.5,NE42
T35.6,NE42
T35.7,NE42
T36,NE60
T36.0,NE60
T36.1,NE60
T36.2,NE60
T36.3,NE60
T36.4,NE60
T36.5,NE60
T36.6,NE60
T36.7,NE60
T36.8,NE60
T36.9,NE60
T37,NE60
T37.0,NE60
T37.1,NE60
T37.2,NE60
T37.3,NE60
T37.4,NE60
T37.5,NE60
T37.8,NE60
T37.9,NE60
T38,NE60
T38.0,NE60
T38.1,NE60
T38.2,NE60
T38.3,NE60
T38.4,NE60
T38.5,NE60
T38.6,NE60
T38.7,NE60
T38.8,NE60
T38.9,NE60
T39,NE60
T39.0,NE60
T39.1,NE60
T39.2,NE60
T39.3,NE60
T39.4,NE60
T39.8,NE60
T39.9,NE60
T40,NE60
T40.0,NE60
T40.1,NE60
T40.2,NE60
T40.3,NE60
T40.4,NE60
T40.5,NE60
T40.6,NE60
T40.7,NE60
T40.8,NE60
T40.9,NE60
T41,NE60
T41.0,NE60
T41.1,NE60
T41.2,NE60
T41.3,NE60
T41.4,NE60
T41.5,NE60
T42,NE60
T42.0,NE60
T42.1,NE60
T42.2,NE60
T42.3,NE60
T42.4,NE60
T42.5,NE60
T42.6,NE60
T42.7,NE60
T42.8,NE60
T43,NE60
T43.0,NE60
T43.1,NE60
T43.2,NE60
T43.3,NE60
T43.4,NE60
T43.5,NE60
T43.6,NE60
T43.8,NE60
T43.9,NE60
T44,NE60
T44.0,NE60
T44.1,NE60
T44.2,NE60
T44.3,NE60
T44.4,NE60
T44.5,NE60
T44.6,NE60
T44.7,NE60
T44.8,NE60
T44.9,NE60
T45,NE60
T45.0,NE60
T45.1,NE60
T45.2,NE60
T45.3,NE60
T45.4,NE60
T45.5,NE60
T45.6,NE60
T45.7,NE60
T45.8,NE60
T45.9,NE60
T46,NE60
T46.0,NE60
T46.1,NE60
T46.2,NE60
T46.3,NE60
T46.4,NE60
T46.5,NE60
T46.6,NE60
T46.7,NE60
T46.8,NE60
T46.9,NE60
T47,NE60
T47.0,NE60
T47.1,NE60
T47.2,NE60
T47.3,NE60
T47.4,NE60
T47.5,NE60
T47.6,NE60
T47.7,NE60
T47.8,NE60
T47.9,NE60
T48,NE60
T48.0,NE60
T48.1,NE60
T48.2,NE60
T48.3,NE60
T48.4,NE60
T48.5,NE60
T48.6,NE60
T48.7,NE60
T49,NE60
T49.0,NE60
T49.1,NE60
T49.2,NE60
T49.3,NE60
T49.4,NE60
T49.5,NE60
T49.6,NE60
T49.7,NE60
T49.9,NE60
T50,NE60
T50.0,NE60
T50.1,NE60
T50.2,NE60
T50.3,NE60
T50.4,NE60
T50.5,NE60
T50.6,NE60
T50.7,NE60
T50.8,NE60
T50.9,NE60
T51,NE61
T51.0,NE61&XM8ZW3
T51.1,NE61&XM7KD9
T51.2,NE61&XM5531
T51.3,NE61&XM48D0
T51.8,NE61
T51.9,NE61
T52,NE61
T52.0,NE61
T52.1,NE61&XM0QY7
T52.2,NE61
T52.3,NE61
T52.4,NE61
T52.8,NE61
T52.9,NE61
T53,NE61
T53.0,NE61
T53.1,NE61
T53.2,NE61
T53.3,NE61
T53.4,NE61
T53.5,NE61
T53.6,NE61
T53.7,NE61
T53.9,NE61
T54,NE61
T54.0,NE61
T54.1,NE61
T54.2,NE61
T54.3,NE61
T54.9,NE61
T55,NE61
T56,NE61
T56.0,NE61
T56.1,NE61
T56.2,NE61
T56.3,NE61
T56.4,NE61
T56.5,NE61
T56.6,NE61
T56.7,NE61
T56.8,NE61
T56.9,NE61
T57,NE61
T57.0,NE61
T57.1,NE61
T57.2,NE61
T57.3,NE61
T57.8,NE61
T57.9,NE61
T58,NE61
T59,NE61
T59.0,NE61
T59.1,NE61
T59.2,NE61
T59.3,NE61
T59.4,NE61
T59.5,NE61
T59.6,NE61
T59.7,NE61
T59.8,NE61
T59.9,NE61
T60,NE61
T60.0,NE61
T60.1,NE61
T60.2,NE61
T60.3,NE61
T60.4,NE61
T60.8,NE61
T60.9,NE61
T61,NE61
T61.0,NE61
T61.1,NE61
T61.2,NE61
T61.8,NE61
T61.9,NE61
T62,NE61
T62.0,NE61
T62.1,NE61
T62.2,NE61
T62.8,NE61
T62.9,NE61
T63,NE61
T63.0,NE61
T63.1,NE61
T63.2,NE61
T63.3,NE61
T63.4,NE61
T63.5,NE61
T63.6,NE61
T63.8,NE61
T63.9,NE61
T64,NE61
T65,NE61
T65.0,NE61
T65.1,NE61
T65.2,NE61
T65.3,NE61
T65.4,NE61
T65.5,NE61
T65.6,NE61
T65.8,NE61
T65.9,NE61
T66,8E61.0
T67,NF01.Z
T67.0,NF01.0
T67.1,NF01.1
T67.2,NF01.Z
T67.3,NF01.2
T67.4,NF01.Z
T67.5,NF01.Z
T67.6,NF01.3
T67.7,NF01.Y
T67.8,NF01.Z
T67.9,NF01.Z
T68,NF02
T69,NF03.Z
T69.0,NF03.1
T69.1,NF03.0
T69.8,NF03.Z
T69.9,NF03.Z
T70,NF04.Z
T70.0,NF04.0
T70.1,NF04.1
T70.2,NF04.Z
T70.3,NF04.2
T70.4,NF04.3
T70.8,NF04.Z
T70.9,NF04.Z
T71,NF05
T73,NF07.Z
T73.0,NF07.0
T73.1,NF07.1
T73.2,NF07.2
T73.3,NF06.Z
T73.8,QD6Z
T73.9,NF07.Z
T74,PJ2Z
T74.0,PJ2Z
T74.1,PJ20
T74.2,PJ21
T74.3,PJ2Z
T74.9,PJ2Z
T75,NF08.4
T75.0,NF08.0
T75.1,NF08.1
T75.2,NF08.2Z
T75.3,NF08.3
T75.4,NF08.4
T75.8,NF08.4
T76,NF0Z
T78,NF0Z
T78.0,4A84.0
T78.1,4A85.2Z
T78.2,4A84.Z
T78.3,EB04
T78.4,4A8Z
T78.8,NF09
T78.9,NF09
T79,NF0A.Z
T79.0,NF0A.0
T79.1,NF0A.1
T79.2,NF0A.2
T79.3,NF0A.3
T79.4,NF0A.4
T79.5,NF0A.5
T79.6,NF0A.6
T79.7,NF0A.7
T79.8,NF0A.Z
T79.9,NF0A.Z
T80,NE80.Z
T80.0,NE80.0
T80.1,NE80.Z
T80.2,NE80.Z
T80.3,NE80.1
T80.4,NE80.2
T80.5,4A84.Y
T80.6,NE80.3
T80.8,NE80.Z
T80.9,NE80.Z
T81,NE81.Z
T81.0,NE81.0Z
T81.1,MG40.Z
T81.2,PL11.0
T81.3,NE81.1
T81.4,NE81.2Z
T81.6,DC50.1Z
T81.7,NE81.Z
T81.8,NE81.Z
T81.9,NE81.Z
T82,PK91.2Y
T82.0,BC01
T82.1,NE82.Z
T82.2,PK91.20
T82.3,PK91.20
T82.4,PK91.16
T82.5,PK91.2Z
T82.6,NE83.1
T82.7,NE82.0Y
T82.8,PK91.2Y
T82.9,PK91.2Y
T83,PK93.2
T83.0,PK93.10
T83.1,PK93.2
T83.2,PK93.2
T83.3,PK96.2
T83.4,PK93.2
T83.5,NE83.1
T83.6,NE83.1
T83.8,NE83.Y
T83.9,NE83.Y
T84,NE8Z
T84.0,PK99.2
T84.1,PK99.3
T84.2,PK99.3
T84.3,PK99.2
T84.4,PK99.2
T84.5,NE83.1
T84.6,NE83.1
T84.7,NE83.1
T84.8,NE83.Y
T84.9,NE83.Y
T85,NE83.Y
T85.0,PK95.20
T85.1,PK95.1
T85.2,PK97.2
T85.3,PK97.2
T85.4,PK9B.2
T85.5,PK93.2
T85.6,PK9C.2
T85.7,NE83.1
T85.8,NE83.Y
T85.9,NE83.Y
T86,NE84
T86.0,4B24.Z
T86.1,NE84
T86.2,NE84
T86.3,NE84
T86.4,NE84
T86.8,NE84
T86.9,NE84
T87,NE85.2
T87.0,NE85.0
T87.1,NE85.1
T87.2,NE85.2
T87.3,NE85.3
T87.4,NE85.4
T87.5,NE85.5
T87.6,NE85.6
T88,NE8Z
T88.0,NE8Z
T88.1,NE80.Z
T88.2,MG40.Z
T88.3,NE86
T88.4,NE87
T88.5,NE8Z
T88.6,4A84.1
T88.7,NE60
T88.8,NE8Z
T88.9,NE8Z
T90,NA0Z
T90.0,NA00.Z
T90.1,NA01.Z
T90.2,NA02.Z
T90.3,NA04.Z
T90.4,NA06.Z
T90.5,NA07.Z
T90.8,NA0Z
T90.9,NA0Z
T91,NF2Z
T91.0,NF2Z
T91.1,ND50
T91.2,NF2Z
T91.3,NF2Z
T91.4,NF2Z
T91.5,NB9Z
T91.8,NF2Z
T91.9,NF2Z
T92,PL2Z
T92.0,PL2Z
T92.1,PL2Z
T92.2,NC53.Z
T92.3,PL2Z
T92.4,PL2Z
T92.5,PL2Z
T92.6,PL2Z
T92.8,PL2Z
T92.9,PL2Z
T93,PL2Z
T93.0,PL2Z
T93.1,NC72.Z
T93.2,NF2Z
T93.3,PL2Z
T93.4,PL2Z
T93.5,PL2Z
T93.6,PL2Z
T93.8,PL2Z
T93.9,PL2Z
T94,ND37
T94.0,ND37
T94.1,ND5Z
T95,PL2Z
T95.0,PL2Z
T95.1,PL2Z
T95.2,PL2Z
T95.3,PL2Z
T95.8,PL2Z
T95.9,PL2Z
T96,NE60
T97,NE61
T98,NF2Z
T98.0,ND7Z
T98.1,NF0Z
T98.2,NF0A.Z
T98.3,NE8Z
V01,PA00&XE7ZZ&XE88K
V02,PA00&XE88K&XE8XQ
V03,PA00&XE88K
V04,PA00&XE88K&XE854
V05,PA00&XE6DQ&XE88K
V06,PA00&XE88K
V09,PA00&XE88K
V09.0,PA10
V09.1,PA10
V09.2,PA00&XE88K
V09.3,PA00&XE88K
V09.9,PA20
V10,PA02&XE9EE&XE6K0&XE65U
V11,PA02&XE9EE&XE7ZZ
V12,PA02
V13,PA02
V14,PA02
V15,PA22&XE6DQ&XE65U
V16,PA02
V17,PA02&XE9EE&XE98X
V18,PA02
V19,PA02
V19.0,PA12
V19.1,PA12
V19.2,PA12
V19.3,PA12
V19.4,PA02
V19.5,PA02
V19.6,PA02
V19.8,PA02
V19.9,PA02
V20,PA03&XE6K0
V21,PA03&XE7ZZ
V22,PA03
V23,PA03
V24,PA03
V25,PA23&XE6DQ
V26,PA03
V27,PA03&XE98X
V28,PA03
V29,PA03
V29.0,PA13&XE65U
V29.1,PA13
V29.2,PA13
V29.3,PA13
V29.4,PA03
V29.5,PA03
V29.6,PA03
V29.8,PA03
V29.9,PA03
V30,PA09&XE6K0
V31,PA09&XE7ZZ
V32,PA09
V33,PA09
V34,PA09
V35,PA09&XE6DQ
V36,PA09
V37,PA09&XE98X
V38,PA09
V39,PA09
V39.0,PA19
V39.1,PA19
V39.2,PA19
V39.3,PA19
V39.4,PA19
V39.5,PA19
V39.6,PA19
V39.8,PA09
V39.9,PA09
V40,PA04&XE6K0
V41,PA04&XE7ZZ
V42,PA04
V43,PA04
V44,PA04
V45,PA04&XE6DQ
V46,PA04
V47,PA04&XE98X
V48,PA04
V49,PA04
V49.0,PA14
V49.1,PA14
V49.2,PA14
V49.3,PA14
V49.4,PA04
V49.5,PA04
V49.6,PA04
V49.8,PA04
V49.9,PA04
V50,PA06&XE165&XE6K0
V51,PA06&XE165&XE7ZZ
V52,PA06&XE165
V53,PA06&XE165
V54,PA06&XE165
V55,PA06&XE165&XE6DQ
V56,PA06&XE165
V57,PA06&XE165&XE98X
V58,PA06&XE165
V59,PA06&XE165
V59.0,PA06&XE165
V59.1,PA16
V59.2,PA16
V59.3,PA16
V59.4,PA06&XE165
V59.5,PA06&XE165
V59.6,PA06&XE165
V59.8,PA06&XE165
V59.9,PA06&XE165
V60,PA07&XE6K0
V61,PA07&XE7ZZ
V62,PA07
V63,PA07
V64,PA07
V65,PA07&XE6DQ
V66,PA07
V67,PA07&XE98X
V68,PA07
V69,PA07
V69.0,PA17
V69.1,PA17
V69.2,PA17
V69.3,PA17
V69.4,PA17
V69.5,PA17
V69.6,PA17
V69.8,PA17
V69.9,PA17
V70,PA05&XE6K0
V71,PA05&XE7ZZ
V72,PA05
V73,PA05
V74,PA05
V75,PA05&XE6DQ
V76,PA05
V77,PA05&XE98X
V78,PA05
V79,PA15
V79.0,PA15
V79.1,PA15
V79.2,PA15
V79.3,PA15
V79.4,PA15
V79.5,PA15
V79.6,PA15
V79.8,PA15
V79.9,PA15
V80,PA2Z
V80.0,PA2Z
V80.1,PA2Z
V80.2,PA2Z
V80.3,PA2Z
V80.4,PA2Z
V80.5,PA2Z
V80.6,PA2Z
V80.7,PA2Z
V80.8,PA2Z
V80.9,PA2Z
V81,PA3Z&XE8YD
V81.0,PA30&XE3S3&XE8YD
V81.1,PA30&XE3S3&XE8YD
V81.2,PA30&XE3S3&XE8YD
V81.3,PA30&XE3S3&XE8YD
V81.4,PA31&XE3S3&XE8YD&XE6LC
V81.5,PA31&XE3S3&XE8YD
V81.6,PA31&XE3S3&XE8YD&XE3M5
V81.7,PA31&XE3S3&XE8YD
V81.8,PA3Z&XE8YD
V81.9,PA3Z&XE8YD
V82,PA08
V82.0,PA18
V82.1,PA08
V82.2,PA08&XE9EE
V82.3,PA08&XE9EE
V82.4,PA08&XE9EE&XE6LC
V82.5,PA08&XE9EE
V82.6,PA08&XE9EE&XE20L
V82.7,PA08
V82.8,PA08
V82.9,PA08
V83,PA0B
V83.0,PA0B&XE42A
V83.1,PA0B&XE1LZ
V83.2,PA0B&XE166
V83.3,PA0B
V83.4,PA0B&XE9Y1
V83.5,PA1B
V83.6,PA1B
V83.7,PA1B
V83.9,PA1B
V84,PA0A
V84.0,PA0A&XE42A
V84.1,PA0A&XE1LZ
V84.2,PA0A&XE166
V84.3,PA0A
V84.4,PA0A&XE9Y1
V84.5,PA1A&XE42A
V84.6,PA1A&XE1LZ
V84.7,PA1A&XE166
V84.9,PA1A
V85,PA0C
V85.0,PA0C&XE9EE&XE42A
V85.1,PA0C&XE9EE&XE1LZ
V85.2,PA0C&XE9EE&XE166
V85.3,PA0C&XE9EE
V85.4,PA0C&XE9EE&XE9Y1
V85.5,PA1C&XE42A
V85.6,PA1C&XE1LZ
V85.7,PA1C&XE166
V85.9,PA1C
V86,PA0D
V86.0,PA0D&XE9EE&XE42A
V86.1,PA0D&XE9EE&XE1LZ
V86.2,PA0D&XE9EE&XE166
V86.3,PA0D
V86.4,PA0D&XE9EE&XE9Y1
V86.5,PA1D&XE42A
V86.6,PA1D&XE1LZ
V86.7,PA1D&XE166
V86.9,PA0D
V87,PA0Z
V87.0,PA0Z
V87.1,PA0Z
V87.2,PA0Z
V87.3,PA0Z
V87.4,PA0Z
V87.5,PA0Z
V87.6,PA0Z
V87.7,PA0Z
V87.8,PA0Z
V87.9,PA0Z
V88,PA1Z
V88.0,PA1Z
V88.1,PA1Z
V88.2,PA1Z
V88.3,PA1Z
V88.4,PA1Z
V88.5,PA1Z
V88.6,PA1Z
V88.7,PA1Z
V88.8,PA1Z
V88.9,PA1Z
V89,PA1Z
V89.0,PA1Z
V89.1,PA1Z
V89.2,PA0Z
V89.3,PA0Z
V89.9,PA2Z
V90,PA41.0
V91,PA41.Z
V92,PA40.0
V93,PA40.1
V94,PA4Z
V95,PA50.Z&XE2UU
V95.0,PA50.Z&XE48X
V95.1,PA50.Z&XE2UU
V95.2,PA50.Z&XE2UU
V95.3,PA50.Z&XE2UU
V95.4,PA50.Z&XE2UU
V95.8,PA50.Z&XE2UU
V95.9,PA50.Z&XE2UU
V96,PA50.Z&XE6SQ
V96.0,PA50.Z&XE3J3
V96.1,PA50.Z&XE3VU
V96.2,PA50.Z&XE33H
V96.8,PA50.Z&XE6SQ
V96.9,PA50.Z&XE6SQ
V97,PA50.Z
V97.0,PA50.Z
V97.1,PA50.Z&XE1JR&XE9Y1
V97.2,PA50.Z
V97.3,PA50.Z
V97.8,PA50.Z
V98,PA2Z
V99,PA2Z
W00,PA60&XE3LV
W01,PA60&XE78X
W02,PA60&XE7TJ
W03,PA60
W04,PA60
W05,PA60&XE293
W06,PA60&XE8PK
W07,PA60&XE769
W08,PA60&XE5HA
W09,PA60&XE6JS
W10,PA60&XE3HC
W11,PA61&XE9P7
W12,PA61&XE7RK
W13,PA61
W14,PA61&XE9CV
W15,PA61&XE1AK
W16,PA92
W17,PA6Z
W18,PA6Z
W19,PA6Z
W20,PA81
W21,PA81&XE1TU
W22,PA8Z
W23,PA85
W24,PA8Z
W25,PA83.1
W26,PA83.2
W26.0,PA83.0
W26.8,PA83.2
W26.9,PA83.2
W27,PA8Z
W28,PA83.2
W29,PA83.2&XE5WX
W30,PB6Y
W31,PB6Y
W32,PA80.0
W33,PA80.1
W34,PA80.Y
W35,PB55.1
W36,PB55.1&XE5VQ
W37,PB55.1&XE974
W38,PB55.1
W39,PB55.1&XE6KQ
W40,PB55.Z
W41,PB55.1
W42,XE7Y1
W43,PB6Y
W44,PB50
W45,PA8Z
W46,PA83.2&XE8D1
W49,PA8Z
W50,PA7Z
W51,PA70
W52,PA72&XE4FE
W53,PA75&XE813
W54,PA7Z
W55,PA7Z
W56,PA7Z
W57,PA75
W58,PA7Z
W59,PA7Z
W60,PA79
W64,PA7Z
W65,PA90&XE78X
W66,PA91&XE78X
W67,PA90
W68,PA91
W69,PA90
W70,PA91
W73,PA9Z
W74,PA9Z
W75,PB02&XE8PK
W76,PB0Z
W77,PB0Z
W78,PB0Z
W79,XE5QH
W80,PB07
W81,PB08
W83,PB0Z
W84,PB0Z
W85,PB51
W86,PB51
W87,PB51
W88,PB53&XE5PJ
W89,PB53
W90,PB53
W91,PB53
W92,PB15
W93,PB16
W94,PB54
W99,PB6Z
X00,PB10&XE87S
X01,PB10&XE7V9
X02,PB11&XE27S
X03,PB11&XE7W8
X04,PB12
X05,PB12&XE4AP
X06,PB12
X08,PB1Z
X09,PB1Z
X10,PB13
X11,PB13&XE396
X12,PB13&XE4VA
X13,PB14
X14,PB14&XE3BS
X15,PB13
X16,PB13
X17,PB13
X18,PB13
X19,PB1Z
X20,PA78&XE1PT
X21,PA78
X22,PA78
X23,PA78
X24,PA78
X25,PA78
X26,PA78
X27,PA78
X28,PA79
X29,PA78
X30,PB15
X31,PB16
X32,PB52
X33,PJ00
X34,PJ01
X34.0,PJ02
X34.1,PJ03
X34.8,PJ01
X34.9,PJ01
X35,PJ04
X36,PJ05
X37,PJ06
X38,PJ07
X39,PJ0Z
X40,PB24
X41,PB27
X42,PB23
X43,PB28
X44,PB28
X45,PB30
X46,PB36
X47,PB32
X47.0,PB32
X47.1,PB32
X47.2,PB32
X47.3,PB32
X47.4,PB32
X47.8,PB36
X47.9,PB36
X48,PB33
X49,PB36
X50,PB56
X51,PB59
X52,PB59
X53,PB57
X54,PB58
X57,PB59
X58,PB6Y
X59,PB6Y
X59.0,PB5B
X59.9,PB6Y
X60,PC94
X61,PC97
X62,PC92
X63,PC98
X64,PC98
X65,PD00
X66,PD01
X67,PD02
X67.0,PD02&XM2LM9
X67.1,PD02
X67.2,PD02
X67.3,PD02
X67.4,PD02
X67.8,PD05
X67.9,PD05
X68,PD03
X69,PD05
X70,PC7Z
X71,PC60
X72,PC50.0
X73,PC50.1
X74,PC50.Y&XE04A
X75,PD25&XE3WL
X76,PC8Y&XE3NR
X77,PC84
X78,PC53.Z
X79,PC54
X80,PC31
X81,PB82
X82,PD3Z
X83,PD3Z
X84,PD3Z
X85,PE8Z
X86,PE94
X87,PE93
X88,PE95
X88.0,PE92&XE3SH&XM2LM9
X88.1,PE92
X88.2,PE92
X88.3,PE92
X88.4,PE92
X88.8,PE95
X88.9,PE95
X89,PE95
X90,PE95
X91,PE61
X92,PE5Z
X93,PE20.0
X94,PE20.1
X95,PF2Z
X96,PF15.Y&XE3WL
X97,PE7Y&XE3NR
X98,PE74
X99,PE3Z
Y00,PE40
Y01,PE01
Y02,PE21
Y03,PD52
Y04,PE1Z
Y05,PE1Y
Y06,PF1B
Y06.0,PF1B
Y06.1,PF1B
Y06.2,PF1B
Y06.8,PF1B
Y06.9,PF1B
Y07,PJ2Z
Y07.0,PJ2Z
Y07.1,PJ2Z
Y07.2,PJ2Z
Y07.3,PJ2Z
Y07.8,PJ2Z
Y07.9,PJ2Z
Y08,PF2Z
Y09,PF2Z
Y10,PH44
Y11,PH47.Z
Y12,PH48
Y13,PH48
Y14,PH48
Y15,PH50
Y16,PH56
Y17,PH56
Y17.0,PH52&XM2LM9
Y17.1,PH52
Y17.2,PH52
Y17.3,PH52
Y17.4,PH52
Y17.8,PH56
Y17.9,PH56
Y18,PH53
Y19,PH56
Y20,PH2Z
Y21,PH1Z
Y22,PG70
Y23,PG71
Y24,PH8Z
Y25,PH75.1
Y26,PH56&XM9N00
Y27,PH34
Y28,PG9Z&XE4BU
Y29,PH00
Y30,PG51
Y31,PG80
Y32,PH8Z
Y33,PH8Z
Y34,PH8Z
Y35,PJ4Z
Y35.0,PJ40
Y35.1,PJ45
Y35.2,PJ46
Y35.3,PJ42
Y35.4,PJ43
Y35.5,PJ4Z
Y35.6,PJ4Z
Y35.7,PJ4Z
Y36,PK6Z
Y36.0,PJ6Z
Y36.1,PJ7Z
Y36.2,PJ8Z
Y36.3,PJ9Z
Y36.4,PK0Z
Y36.5,PK1Z
Y36.6,PK2Z
Y36.7,PK3Z
Y36.8,PK4Z
Y36.9,PK6Z
Y40,PL00
Y40.0,PL00
Y40.1,PL00
Y40.2,PL00
Y40.3,PL00
Y40.4,PL00
Y40.5,PL00
Y40.6,PL00
Y40.7,PL00
Y40.8,PL00
Y40.9,PL00
Y41,PL00
Y41.0,PL00
Y41.1,PL00
Y41.2,PL00
Y41.3,PL00
Y41.4,PL00
Y41.5,PL00
Y41.8,PL00
Y41.9,PL00
Y42,PL00
Y42.0,PL00
Y42.1,PL00
Y42.2,PL00
Y42.3,PL00
Y42.4,PL00
Y42.5,PL00
Y42.6,PL00
Y42.7,PL00
Y42.8,PL00
Y42.9,PL00
Y43,PL00
Y43.0,PL00
Y43.1,PL00
Y43.2,PL00
Y43.3,PL00
Y43.4,PL00
Y43.5,PL00
Y43.6,PL00
Y43.8,PL00
Y43.9,PL00
Y44,PL00
Y44.0,PL00
Y44.1,PL00
Y44.2,PL00
Y44.3,PL00
Y44.4,PL00
Y44.5,PL00
Y44.6,PL00
Y44.7,PL00
Y44.9,PL00
Y45,PL00
Y45.0,PL00
Y45.1,PL00
Y45.2,PL00
Y45.3,PL00
Y45.4,PL00
Y45.5,PL00
Y45.8,PL00
Y45.9,PL00
Y46,PL00
Y46.0,PL00
Y46.1,PL00
Y46.2,PL00
Y46.3,PL00&XM4YG0
Y46.4,PL00
Y46.5,PL00
Y46.6,PL00
Y46.7,PL00
Y46.8,PL00
Y47,PL00
Y47.0,PL00
Y47.1,PL00
Y47.2,PL00
Y47.3,PL00
Y47.4,PL00
Y47.5,PL00
Y47.8,PL00
Y47.9,PL00
Y48,PL00
Y48.0,PL00
Y48.1,PL00
Y48.2,PL00
Y48.3,PL00
Y48.4,PL00
Y48.5,PL00
Y49,PL00
Y49.0,PL00
Y49.1,PL00
Y49.2,PL00
Y49.3,PL00
Y49.4,PL00
Y49.5,PL00
Y49.6,PL00
Y49.7,PL00
Y49.8,PL00
Y49.9,PL00
Y50,PL00
Y50.0,PL00
Y50.1,PL00
Y50.2,PL00
Y50.8,PL00
Y50.9,PL00
Y51,PL00
Y51.0,PL00
Y51.1,PL00
Y51.2,PL00
Y51.3,PL00
Y51.4,PL00
Y51.5,PL00
Y51.6,PL00
Y51.7,PL00
Y51.8,PL00
Y51.9,PL00
Y52,PL00
Y52.0,PL00
Y52.1,PL00
Y52.2,PL00
Y52.3,PL00
Y52.4,PL00
Y52.5,PL00
Y52.6,PL00
Y52.7,PL00
Y52.8,PL00
Y52.9,PL00
Y53,PL00
Y53.0,PL00
Y53.1,PL00
Y53.2,PL00
Y53.3,PL00
Y53.4,PL00
Y53.5,PL00
Y53.6,PL00
Y53.7,PL00
Y53.8,PL00
Y53.9,PL00
Y54,PL00
Y54.0,PL00
Y54.1,PL00
Y54.2,PL00
Y54.3,PL00
Y54.4,PL00
Y54.5,PL00
Y54.6,PL00
Y54.7,PL00
Y54.8,PL00
Y54.9,PL00
Y55,PL00
Y55.0,PL00
Y55.1,PL00
Y55.2,PL00
Y55.3,PL00
Y55.4,PL00
Y55.5,PL00
Y55.6,PL00
Y55.7,PL00
Y56,PL00
Y56.0,PL00
Y56.1,PL00
Y56.2,PL00
Y56.3,PL00
Y56.4,PL00
Y56.5,PL00
Y56.6,PL00
Y56.7,PL00
Y56.8,PL00
Y56.9,PL00
Y57,PL00
Y57.0,PL00
Y57.1,PL00
Y57.2,PL00
Y57.3,PL00
Y57.4,PL00
Y57.5,PL00
Y57.6,PL00
Y57.7,PL00
Y57.8,PL00
Y57.9,PL00
Y58,PL00
Y58.0,PL00
Y58.1,PL00
Y58.2,PL00
Y58.3,PL00
Y58.4,PL00
Y58.5,PL00
Y58.6,PL00
Y58.8,PL00
Y58.9,PL00
Y59,PL00
Y59.0,PL00
Y59.1,PL00
Y59.2,PL00
Y59.3,PL00
Y59.8,PL00
Y59.9,PL00
Y60,PL11.0
Y60.0,PL11.0
Y60.1,PL11.0
Y60.2,PL11.0
Y60.3,PL11.0
Y60.4,PL11.0
Y60.5,PL11.0
Y60.6,PL11.0
Y60.7,PL11.0
Y60.8,PL11.0
Y60.9,PL11.0
Y61,PL11.3
Y61.0,PL11.3
Y61.1,PL11.3
Y61.2,PL11.3
Y61.3,PL11.3
Y61.4,PL11.3
Y61.5,PL11.3
Y61.6,PL11.3
Y61.7,PL11.3
Y61.8,PL11.3
Y61.9,PL11.3
Y62,PL11.4
Y62.0,PL11.4
Y62.1,PL11.4
Y62.2,PL11.4
Y62.3,PL11.4
Y62.4,PL11.4
Y62.5,PL11.4
Y62.6,PL11.4
Y62.8,PL11.4
Y62.9,PL11.4
Y63,PL11.Y
Y63.0,PL13.0
Y63.1,PL13.Y
Y63.2,PL11.Y
Y63.3,PL11.Y
Y63.4,PL11.Y
Y63.5,PL11.Y
Y63.6,PL14.0
Y63.8,PL11.Y
Y63.9,PL11.Y
Y64,PL13.Y
Y64.0,PL13.Y
Y64.1,PL13.Y
Y64.8,PL13.Y
Y64.9,PL13.Y
Y65,PL14
Y65.0,PL14.3
Y65.1,PL13.3
Y65.2,PK9C
Y65.3,PL11.Y
Y65.4,PL14.1
Y65.5,PL11.5
Y65.8,PL14
Y66,PL14.1
Y69,PL14
Y70,PK90.Z
Y71,PK91.Z
Y72,PK92.Z
Y73,PK93.Z
Y74,PK94.Z
Y75,PK95.Z
Y76,PK96.Z
Y77,PK97.Z
Y78,PK98.Z
Y79,PK99.Z
Y80,PK9A.Z
Y81,PK9B.Z
Y82,PK9C.0
Y83,PK8Z
Y83.0,PK8Z
Y83.1,PK8Z
Y83.2,PK8Z
Y83.3,PK8Z
Y83.4,PK8Z
Y83.5,PK80.80
Y83.6,PK8Z
Y83.8,PK8Z
Y83.9,PK8Z
Y84,PK81.F
Y84.0,PK80.15
Y84.1,PK81.6
Y84.2,PK81.C
Y84.3,PK81.D
Y84.4,PK81.2
Y84.5,PK81.F
Y84.6,PK93.10
Y84.7,PK81.2
Y84.8,PK81.F
Y84.9,PK81.F
Y85,PA5Z
Y85.0,PL2Z
Y85.9,PL2Z
Y86,PB6Z
Y87,PL2Z
Y87.0,PL2Z
Y87.1,PL2Z
Y87.2,PH8Z
Y88,NE8Z
Y88.0,PL2Z
Y88.1,PL2Z
Y88.2,PL2Z
Y88.3,PL2Z
Y89,PL2Z
Y89.0,PL2Z
Y89.1,PL2Z
Y89.9,PL2Z
Y90,MA13.1
Y90.0,MA13.1
Y90.1,MA13.1
Y90.2,MA13.1
Y90.3,MA13.1
Y90.4,MA13.1
Y90.5,MA13.1
Y90.6,MA13.1
Y90.7,MA13.1
Y90.8,MA13.1
Y90.9,MA13.1
Y91,6C40.3
Y91.0,6C40.3
Y91.1,6C40.3
Y91.2,6C40.3
Y91.3,6C40.3
Y91.9,6C40.3
Y95,XB25
Y97,XB4Q
Y98,XB5W
Z00,QA00.Z
Z00.0,QA00.0
Z00.1,QA00.1
Z00.2,QA00.Y
Z00.3,QA00.Y
Z00.4,QA00.3
Z00.5,QA00.4
Z00.6,QA00.5
Z00.8,QA00.Z
Z01,QA00.Z
Z01.0,QA00.6Z
Z01.1,QA00.7
Z01.2,QA00.8
Z01.3,QA00.Y
Z01.4,QA00.9
Z01.5,QA00.A
Z01.6,QA00.B
Z01.7,QA00.C
Z01.8,QA00.Z
Z01.9,QA00.Z
Z02,QA01.Z
Z02.0,QA01.0
Z02.1,QA01.1
Z02.2,QA01.2
Z02.3,QA01.3
Z02.4,QA01.4
Z02.5,QA01.5
Z02.6,QA01.6
Z02.7,QA01.7
Z02.8,QA01.Z
Z02.9,QA01.Z
Z03,QA02.Y
Z03.0,QA02.0
Z03.1,QA02.2
Z03.2,QA02.3
Z03.3,QA02.4
Z03.4,QA02.Y
Z03.5,QA02.Y
Z03.6,QA02.5
Z03.8,QA02.Y
Z03.9,QA02.Y
Z04,QA04.Z
Z04.0,QA04.0
Z04.1,QA04.2
Z04.2,QA04.3
Z04.3,QA04.4
Z04.4,QA04.51
Z04.5,QA04.Y
Z04.6,QA04.6
Z04.8,QA04.Z
Z04.9,QA04.Z
Z08,QA06
Z08.0,QA06
Z08.1,QA06
Z08.2,QA06
Z08.7,QA06
Z08.8,QA06
Z08.9,QA06
Z09,QA07.Z
Z09.0,QA07.Y
Z09.1,QA07.Y
Z09.2,QA07.Y
Z09.3,QA07.Y
Z09.4,QA07.Y
Z09.7,QA07.Y
Z09.8,QA07.Z
Z09.9,QA07.Z
Z10,QA03.Z
Z10.0,QA03.0
Z10.1,QA03.1
Z10.2,QA03.2
Z10.3,QA03.3
Z10.8,QA03.Z
Z11,QA08.Z
Z11.0,QA08.0
Z11.1,QA08.1
Z11.2,QA08.2
Z11.3,QA08.3
Z11.4,QA08.4
Z11.5,QA08.5
Z11.6,QA08.6
Z11.8,QA08.Z
Z11.9,QA08.Z
Z12,QA09.Z
Z12.0,QA09.0
Z12.1,QA09.1
Z12.2,QA09.2
Z12.3,QA09.3
Z12.4,QA09.4
Z12.5,QA09.5
Z12.6,QA09.6
Z12.8,QA09.Z
Z12.9,QA09.Z
Z13,QA0A.Z
Z13.0,QA0A.0
Z13.1,QA0A.10
Z13.2,QA0A.2
Z13.3,QA0A.3
Z13.4,QA0A.4
Z13.5,QA0A.5
Z13.6,QA0A.6
Z13.7,QA0A.Y
Z13.8,QA0A.Z
Z13.9,QA0A.Z
Z20,QC90.Z
Z20.0,QC90.0Z
Z20.1,QC90.1
Z20.2,QC90.2
Z20.3,QC90.3
Z20.4,QC90.4
Z20.5,QC90.5
Z20.6,QC90.6
Z20.7,QC90.7
Z20.8,QC90.Z
Z20.9,QC90.Z
Z21,1C62.0
Z22,QD0Z
Z22.0,QD00
Z22.1,QD01.Z
Z22.2,QD02
Z22.3,QD0Y
Z22.4,QD03
Z22.6,QD0Y&XN1WJ
Z22.7,1B14
Z22.8,QD0Z
Z22.9,QD0Z
Z23,QC00.Z
Z23.0,QC00.0
Z23.1,QC00.1
Z23.2,QC00.2
Z23.3,QC00.3
Z23.4,QC00.4
Z23.5,QC00.5
Z23.6,QC00.6
Z23.7,QC00.7
Z23.8,QC00.Z
Z24,QC01.Z
Z24.0,QC01.0
Z24.1,QC01.1
Z24.2,QC01.2
Z24.3,QC01.3
Z24.4,QC01.4
Z24.5,QC01.5
Z24.6,QC01.6
Z25,QC01.Z
Z25.0,QC01.7
Z25.1,QC01.8
Z25.8,QC01.Z
Z26,QC02.Z
Z26.0,QC02.0
Z26.8,QC02.Z
Z26.9,QC02.Z
Z27,QC03.Z
Z27.0,QC03.0
Z27.1,QC03.1
Z27.2,QC03.2
Z27.3,QC03.3
Z27.4,QC03.4
Z27.8,QC03.Z
Z27.9,QC03.Z
Z28,QC04.Z
Z28.0,QC04.Z
Z28.1,QC04.Z
Z28.2,QC04.5
Z28.8,QC04.Z
Z28.9,QC04.Z
Z29,QC05.Z
Z29.0,QC05.0
Z29.1,QC05.1
Z29.2,QC05.Y
Z29.8,QC05.Z
Z29.9,QC05.Z
Z30,QA21.Z
Z30.0,QA21.1
Z30.1,QA21.2
Z30.2,QA21.3
Z30.3,QA21.4
Z30.4,QA21.5
Z30.5,QA21.6Z
Z30.8,QA21.Z
Z30.9,QA21.Z
Z31,QA3Z
Z31.0,QA32
Z31.1,QA30.0Z
Z31.2,QA30.10
Z31.3,QA30.2Z
Z31.4,QA3Z
Z31.5,QA31
Z31.6,QA3Y
Z31.8,QA3Z
Z31.9,QA3Z
Z32,QA40
Z32.0,QA40
Z32.1,QA40
Z33,QA41
Z34,QA42.Z
Z34.0,QA42.0
Z34.8,QA42.Z
Z34.9,QA42.Z
Z35,QA43.Z
Z35.0,QA43.0
Z35.1,QA43.1
Z35.2,QA43.2
Z35.3,QA43.3Z
Z35.4,QA43.Y
Z35.5,QA43.4
Z35.6,QA43.5
Z35.7,QA43.6
Z35.8,QA43.Z
Z35.9,QA43.Z
Z36,QA45.Z
Z36.0,QA45.0
Z36.1,QA45.1
Z36.2,QA45.Y
Z36.3,QA45.Y
Z36.4,QA45.Y
Z36.5,QA45.Y
Z36.8,QA45.Z
Z36.9,QA45.Z
Z37,QA46.Z
Z37.0,QA46.0
Z37.1,QA46.1
Z37.2,QA46.2
Z37.3,QA46.3
Z37.4,QA46.4
Z37.5,QA46.H
Z37.6,QA46.J
Z37.7,QA46.K
Z37.9,QA46.Z
Z38,QA47.Z
Z38.0,QA47.0Z
Z38.1,QA47.1
Z38.2,QA47.2
Z38.3,QA47.3Z
Z38.4,QA47.4
Z38.5,QA47.5
Z38.6,QA47.6Z
Z38.7,QA47.7
Z38.8,QA47.Z
Z39,QA48.Z
Z39.0,QA48.0
Z39.1,QA48.1
Z39.2,QA48.2
Z40,QB80.Z
Z40.0,QB80.0
Z40.8,QB80.Z
Z40.9,QB80.Z
Z41,QB8Z
Z41.0,QB86
Z41.1,QB8Z
Z41.2,QB82
Z41.3,QB90
Z41.8,QB8Z
Z41.9,QB8Z
Z42,QB83
Z42.0,QB83
Z42.1,QB83
Z42.2,QB83
Z42.3,QB83
Z42.4,QB83
Z42.8,QB83
Z42.9,QB83
Z43,QB62.Z
Z43.0,QB62.0
Z43.1,QB62.1
Z43.2,QB62.2
Z43.3,QB62.3
Z43.4,QB62.Y
Z43.5,QB62.4
Z43.6,QB62.Z
Z43.7,QB62.5
Z43.8,QB62.Z
Z43.9,QB62.Z
Z44,QB31.0Z
Z44.0,QB31.00
Z44.1,QB31.01
Z44.2,QB31.02
Z44.3,QB31.03
Z44.8,QB31.0Z
Z44.9,QB31.0Z
Z45,QB30.Z
Z45.0,QB30.2Z
Z45.1,QB30.1
Z45.2,QB30.3
Z45.3,QB30.0Z
Z45.8,QB30.Z
Z45.9,QB30.Z
Z46,QB3Z
Z46.0,QB31.5
Z46.1,QB31.4
Z46.2,QB30.Z
Z46.3,QB31.3
Z46.4,QB31.2
Z46.5,QB30.Y
Z46.6,QB30.5
Z46.7,QB31.1
Z46.8,QB3Z
Z46.9,QB3Z
Z47,QF4Z
Z47.0,QB84
Z47.8,QF4Z
Z47.9,QF4Z
Z48,QB8Z
Z48.0,QB85
Z48.8,QB8Z
Z48.9,QB8Z
Z49,QB94.Z
Z49.0,QB94.0
Z49.1,QB94.1
Z49.2,QB94.2
Z50,QB95.Z
Z50.0,QB95.0
Z50.1,QB95.1
Z50.2,QB95.2
Z50.3,QB95.3
Z50.4,QB95.4
Z50.5,QB95.5
Z50.6,QB95.6
Z50.7,QB95.7
Z50.8,QB95.Z
Z50.9,QB95.Z
Z51,QB9Z
Z51.0,QB96
Z51.1,QB97
Z51.2,QB9Y
Z51.3,QB98
Z51.4,QB9A
Z51.5,QB9B
Z51.6,QB9C
Z51.8,QB9Z
Z51.9,QB9Z
Z52,QB2Z
Z52.0,QB20
Z52.1,QB2Y&XA0364
Z52.2,QB2Y
Z52.3,QB21
Z52.4,QB22
Z52.5,QB23
Z52.6,QB24
Z52.7,QB25
Z52.8,QB2Z
Z52.9,QB2Z
Z53,QC1Z
Z53.0,QC10
Z53.1,QC11
Z53.2,QC12
Z53.8,QC1Z
Z53.9,QC1Z
Z54,QB7Z
Z54.0,QB7Y
Z54.1,QB7Y
Z54.2,QB70
Z54.3,QB71
Z54.4,QB72
Z54.7,QB73
Z54.8,QB7Z
Z54.9,QB7Z
Z55,QD9Z
Z55.0,QD90
Z55.1,QD91
Z55.2,QD92
Z55.3,QD92
Z55.4,QE50.1Z
Z55.8,QD9Z
Z55.9,QD9Z
Z56,QD8Z
Z56.0,QD80
Z56.1,QD81
Z56.2,QD82
Z56.3,QD83.1
Z56.4,QE50.2
Z56.5,QD83.0
Z56.6,QD8Z
Z56.7,QD8Z
Z57,QD84.Z
Z57.0,QD84.Y
Z57.1,QD84.Y
Z57.2,QD84.0
Z57.3,QD84.Y
Z57.4,QD84.1
Z57.5,QD84.2
Z57.6,QD84.Y
Z57.7,QD84.3
Z57.8,QD84.Z
Z57.9,QD84.Z
Z58,QD70.Z
Z58.0,QD70.0
Z58.1,QD70.1
Z58.2,QD70.2
Z58.3,QD70.3
Z58.4,QD70.4
Z58.5,QD70.Z
Z58.6,QD60
Z58.7,QD70.5
Z58.8,QD70.Z
Z58.9,QD70.Z
Z59,QD71.Z
Z59.0,QD71.0
Z59.1,QD71.1
Z59.2,QE50.3
Z59.3,QD71.2
Z59.4,QD61
Z59.5,QD50
Z59.6,QD51
Z59.7,QE3Z
Z59.8,QD71.Z
Z59.9,QD71.Z
Z60,QE0Z
Z60.0,QF21
Z60.1,QE50.4
Z60.2,QE03
Z60.3,QE00
Z60.4,QE03
Z60.5,QE04
Z60.8,QE0Z
Z60.9,QE0Z
Z61,QE8Z
Z61.0,QE52.1
Z61.1,QE93
Z61.2,QE92
Z61.3,QE96
Z61.4,QE82.1
Z61.5,QE82.1
Z61.6,QE82.0
Z61.7,QE83
Z61.8,QE8Z
Z61.9,QE8Z
Z62,QE9Z
Z62.0,QE90
Z62.1,QE91
Z62.2,QE94
Z62.3,QE82.2
Z62.4,QE82.3
Z62.5,QE9Z
Z62.6,QE95
Z62.8,QE9Z
Z62.9,QE9Z
Z63.0,QE51.Z
Z63.1,QE50.4
Z63.2,QE70.0
Z63.3,QE60
Z63.4,QE61.Y
Z63.5,QE70.1
Z63.6,QE70.2
Z63.7,QE70.Z
Z63.8,QE70.Z
Z63.9,QE70.Z
Z64,QF4Z
Z64.0,QA49
Z64.1,QA4A
Z64.2,QF4Z
Z64.3,QF4Z
Z64.4,QE50.5
Z65,QE8Z
Z65.0,QE40
Z65.1,QE41
Z65.2,QE42
Z65.3,QE4Z
Z65.4,QE80
Z65.5,QE81
Z65.8,QE8Z
Z65.9,QE8Z
Z70,QA15.Z
Z70.0,QA15.0
Z70.1,QA15.1
Z70.2,QA15.2
Z70.3,QA15.3
Z70.8,QA15.Z
Z70.9,QA15.Z
Z71.0,QC20.Z
Z71.1,QA1C
Z71.2,QA05
Z71.3,QA10
Z71.4,QA11
Z71.5,QA12
Z71.6,QA13
Z71.7,QA14
Z71.8,QA1Z
Z71.9,QA1Z
Z72,QE2Z
Z72.0,QE13
Z72.1,QE10
Z72.2,QE11.Z
Z72.3,QE20
Z72.4,QE23
Z72.5,QE2Z
Z72.6,QE21
Z72.8,QE2Z
Z72.9,QE2Z
Z73.0,QD85
Z73.1,QE50.7
Z73.2,QF2A
Z73.3,QE01
Z73.4,QE50.6
Z73.5,QE02
Z73.6,QF10
Z74,QF2Z
Z74.0,QF23
Z74.1,QF24
Z74.2,QF2Z
Z74.3,QF2B
Z74.8,QF2Z
Z74.9,QF2Z
Z75,QB1Z
Z75.0,QB10
Z75.1,QB11
Z75.2,QB12.Z
Z75.3,QB14
Z75.4,QB13
Z75.5,QB16
Z75.8,QB1Z
Z75.9,QB1Z
Z76.0,QB92
Z76.1,QC22
Z76.2,QC2Y
Z76.3,QC21
Z76.4,QC2Y
Z76.5,QC30
Z80,QC61.Z
Z80.0,QC61.0
Z80.1,QC61.1
Z80.2,QC61.2
Z80.3,QC61.3
Z80.4,QC61.4
Z80.5,QC61.5
Z80.6,QC61.6
Z80.7,QC61.7
Z80.8,QC61.Z
Z80.9,QC61.Z
Z81,QC65
Z81.0,QC65
Z81.1,QC65
Z81.2,QC65
Z81.3,QC65
Z81.4,QC65
Z81.8,QC65
Z82,QC6Z
Z82.0,QC6Z
Z82.1,QC66
Z82.2,QC66
Z82.3,QC69
Z82.4,QC67
Z82.5,QC6Y
Z82.6,QC6Y
Z82.7,QC6Y
Z82.8,QC6Z
Z83,QC6Z
Z83.0,QC60
Z83.1,QC60
Z83.2,QC62
Z83.3,QC64.0
Z83.4,QC64.Z
Z83.5,QC66
Z83.6,QC6Y
Z83.7,QC6Y
Z84,QC6Z
Z84.0,QC6Y
Z84.1,QC6Y
Z84.2,QC6Y
Z84.3,QC68
Z84.8,QC6Z
Z85,QC40.Z
Z85.0,QC40.0
Z85.1,QC40.1
Z85.2,QC40.2
Z85.3,QC40.3
Z85.4,QC40.4
Z85.5,QC40.5
Z85.6,QC40.6
Z85.7,QC40.7
Z85.8,QC40.Z
Z85.9,QC40.Z
Z86,QC4Z
Z86.0,QC41
Z86.1,QC42.Z
Z86.2,QC43
Z86.3,QC45
Z86.4,QC46
Z86.5,QC46
Z86.6,QC47
Z86.7,QC4Y
Z87,QC4Z
Z87.0,QC4Y
Z87.1,QC4Y
Z87.2,QC4Y
Z87.3,QC4Y
Z87.4,QC4Y
Z87.5,QC4Y
Z87.6,QC4Y
Z87.7,QC4Y
Z87.8,QC4Z
Z88,QC44.2
Z88.0,QC44.2
Z88.1,QC44.2
Z88.2,QC44.2
Z88.3,QC44.2
Z88.4,QC44.2
Z88.5,QC44.2
Z88.6,QC44.2
Z88.7,QC44.2
Z88.8,QC44.2
Z88.9,QC44.2
Z89,QF00
Z89.0,QF00
Z89.1,QF00
Z89.2,QF00
Z89.3,QF00
Z89.4,QF00
Z89.5,QF00
Z89.6,QF00
Z89.7,QF00
Z89.8,QF00
Z89.9,QF00
Z90,QF01.Z
Z90.0,QF01.Y
Z90.1,QF01.0
Z90.2,QF01.Y
Z90.3,QF01.Y
Z90.4,QF01.Y
Z90.5,QF01.Y
Z90.6,QF01.Y
Z90.7,QF01.11
Z90.8,QF01.Z
Z91,QC4Z
Z91.0,QC44.3
Z91.1,QC49
Z91.2,QC4A
Z91.3,QC4Y
Z91.4,QC4Y
Z91.5,QC4B
Z91.6,QC4Y
Z91.7,QC4Z
Z91.8,QC4Z
Z92,QC48.Z
Z92.0,QC48.Y
Z92.1,QC48.0
Z92.2,QC48.Y
Z92.3,QC48.Y
Z92.4,QC48.Y
Z92.5,QC48.Y
Z92.6,QC48.Y
Z92.8,QC48.Z
Z92.9,QC48.Z
Z93,QB61.Z
Z93.0,QB61.0
Z93.1,QB61.2
Z93.2,QB61.30
Z93.3,QB61.4
Z93.4,QB61.Y
Z93.5,QB61.5
Z93.6,QB61.Z
Z93.8,QB61.Z
Z93.9,QB61.Z
Z94,QB63.Z
Z94.0,QB63.0
Z94.1,QB63.1
Z94.2,QB63.2
Z94.3,QB63.Y
Z94.4,QB63.3
Z94.5,QB63.4
Z94.6,QB63.5
Z94.7,QB63.9
Z94.8,QB63.Z
Z94.9,QB63.Z
Z95,QB50.Z
Z95.0,QB50.0Z
Z95.1,QB50.1
Z95.2,QB50.2Z
Z95.3,QB50.24
Z95.4,QB50.Z
Z95.5,QB50.4
Z95.8,QB50.Z
Z95.9,QB50.Z
Z96,QB51.Y
Z96.0,QB51.1
Z96.1,QB51.2
Z96.2,QB51.3
Z96.3,QB51.4
Z96.4,QB51.5
Z96.5,QB51.6
Z96.6,QB51.7
Z96.7,QB51.Y
Z96.8,QB51.Y
Z96.9,QB51.Y
Z97,QB5Z
Z97.0,QB51.8
Z97.1,QB51.9
Z97.2,QB51.A
Z97.3,QB51.Y
Z97.4,QB51.B
Z97.5,QB51.C
Z97.8,QB5Z
Z98,QB6Z
Z98.0,QB6Y
Z98.1,QB60
Z98.2,QB51.D
Z98.8,QB6Z
Z99,QB4Z
Z99.0,QB40
Z99.1,QB41
Z99.2,QB42
Z99.3,QB44
Z99.4,QB4Z
Z99.8,QB4Z
Z99.9,QB4Z
U04,1D65
U04.9,1D65
U07,RA09
U07.0,RA00.0
U07.1,RA01.0
U07.2,RA01.1
U08,QC42.0
U08.9,QC42.0
U09,RA02
U09.9,RA02
U10,RA03
U10.9,RA03
U11,QC01.9
U11.9,QC01.9
U12,PL00
U12.9,PL00
U13,RA09
U13.9,RA09
U14,RA09
U14.9,RA09
U15,RA09
U15.9,RA09
U16,RA09
U16.9,RA09
U17,RA09
U17.9,RA09
U18,RA09
U18.9,RA09
U19,RA09
U19.9,RA09
U20,RA09
U20.9,RA09
U21,RA09
U21.9,RA09
U22,RA09
U22.9,RA09
U23,RA09
U23.9,RA09
U24,RA09
U24.9,RA09
U25,RA09
U25.9,RA09
U26,RA09
U26.9,RA09
U27,RA09
U27.9,RA09
U28,RA09
U28.9,RA09
U29,RA09
U29.9,RA09
U30,RA09
U30.9,RA09
U31,RA09
U31.9,RA09
U32,RA09
U32.9,RA09
U33,RA09
U33.9,RA09
U34,RA09
U34.9,RA09
U35,RA09
U35.9,RA09
U36,RA09
U36.9,RA09
U37,RA09
U37.9,RA09
U38,RA09
U38.9,RA09
U39,RA09
U39.9,RA09
U40,RA09
U40.9,RA09
U41,RA09
U41.9,RA09
U42,RA09
U42.9,RA09
U43,RA09
U43.9,RA09
U44,RA09
U44.9,RA09
U45,RA09
U45.9,RA09
U46,RA09
U46.9,RA09
U47,RA09
U47.9,RA09
U48,RA09
U48.9,RA09
U49,RA09
U49.9,RA09
U82,MG5Z
U82.0,MG5Z
U82.1,MG51.00
U82.2,MG5Z
U82.8,MG5Z
U82.9,MG5Z
U83,MG5Z
U83.0,MG5Z
U83.1,MG5Z
U83.2,MG56
U83.7,MG5Z
U83.8,MG5Z
U83.9,MG5Z
U84,MG5Z
U84.0,MG55.Z
U84.1,MG54
U84.2,MG53.Z
U84.3,MG5Z
U84.7,MG5Z
U84.8,MG5Z
U84.9,MG5Z
U85,MG5Z
